Rk,School,G,W,L,W-L%,SRS,SOS,W,L,W,L,W,L,Tm.,Opp.,MP,FG,FGA,FG%,3P,3PA,3P%,FT,FTA,FT%,ORB,TRB,AST,STL,BLK,TOV,PF,Pace,ORtg,FTr,3PAr,TS%,TRB%,AST%,STL%,BLK%,eFG%,TOV%,ORB%,FT/FGA
1,Abilene Christian NCAA,33,27,6,0.818,-1.3,-8.13,14,4,13,2,10,4,2458,2082,1330,880,1858,0.474,246,637,0.386,452,632,0.715,322,1093,514,288,90,397,619,67.3,109.8,0.34,0.343,0.569,50.9,58.4,12.9,8.1,0.54,15.5,29.4,0.243
2,Air Force,32,14,18,0.438,-3.94,0.58,8,10,9,6,3,9,2179,2294,1300,802,1777,0.451,234,712,0.329,341,503,0.678,253,1077,434,154,57,423,543,67.4,99.5,0.283,0.401,0.54,50.1,54.1,7,5.8,0.517,17.3,23.7,0.192
3,Akron,33,17,16,0.515,5.2,1.42,8,10,14,3,1,10,2271,2107,1325,797,1948,0.409,297,929,0.32,380,539,0.705,312,1204,399,185,106,388,569,68.5,100.1,0.277,0.477,0.515,48.2,50.1,8.2,8.9,0.485,15,25.3,0.195
4,Alabama A&M,32,5,27,0.156,-19.28,-8.44,4,14,4,7,0,18,1938,2285,1295,736,1807,0.407,182,576,0.316,284,453,0.627,314,1025,384,234,49,487,587,67.5,88.7,0.251,0.319,0.479,47,52.2,10.7,4.6,0.458,19.4,27.6,0.157
5,Alabama-Birmingham,34,20,14,0.588,0.85,-1.25,10,8,11,5,6,5,2392,2287,1370,879,1938,0.454,227,675,0.336,407,607,0.671,353,1237,395,215,80,388,559,66.4,105.2,0.313,0.348,0.537,52.6,44.9,9.5,7.5,0.512,14.8,30.4,0.21
6,Alabama State,31,12,19,0.387,-15.69,-7.93,9,9,8,3,3,13,2086,2235,1250,712,1763,0.404,216,674,0.32,446,684,0.652,365,1094,313,203,102,451,565,69.6,96,0.388,0.382,0.5,48.9,44,9.3,9.3,0.465,17.8,30.9,0.253
7,Alabama,33,18,15,0.545,10.27,9.79,8,10,10,5,4,8,2369,2353,1320,827,1876,0.441,233,688,0.339,482,722,0.668,368,1241,401,152,154,449,560,69.9,102.8,0.385,0.367,0.534,52.2,48.5,6.6,11.6,0.503,16.8,31.3,0.257
8,Albany (NY),32,12,20,0.375,-9.21,-6.53,7,9,6,8,6,10,2150,2216,1300,728,1750,0.416,274,790,0.347,420,564,0.745,294,1083,402,195,78,454,566,66.7,99.2,0.322,0.451,0.533,49.8,55.2,9,7.1,0.494,18.4,27.1,0.24
9,Alcorn State,31,10,21,0.323,-22.15,-9.04,6,12,10,3,0,17,1995,2194,1245,709,1721,0.412,211,646,0.327,366,543,0.674,334,1079,391,229,107,492,548,68.8,93.2,0.316,0.375,0.504,49.9,55.1,10.7,9.8,0.473,19.9,30.1,0.213
10,American,30,15,15,0.5,-4.02,-7.05,9,9,8,7,6,8,2161,2070,1220,780,1643,0.475,190,583,0.326,411,589,0.698,251,1013,401,221,131,386,520,67.7,104.7,0.358,0.355,0.562,50.4,51.4,10.7,11,0.533,16.7,26.1,0.25
11,Appalachian State,32,11,21,0.344,-3.59,0.24,6,12,9,5,2,12,2557,2539,1290,880,1938,0.454,292,814,0.359,505,706,0.715,310,1126,406,171,89,418,585,73.7,107.6,0.364,0.42,0.562,48.6,46.1,7.2,6.8,0.529,15.5,26.5,0.261
12,Arizona State NCAA,32,22,10,0.688,10.46,5.71,12,6,13,3,6,5,2490,2338,1300,851,1903,0.447,232,680,0.341,556,829,0.671,389,1283,435,199,103,434,635,72.1,106.2,0.436,0.357,0.542,53.1,51.1,8.5,9.7,0.508,15.9,32.4,0.292
13,Arizona,32,17,15,0.531,8.36,6.36,8,10,12,5,4,7,2269,2205,1290,794,1861,0.427,235,699,0.336,446,620,0.719,324,1116,397,165,73,370,594,68.6,102.6,0.333,0.376,0.526,50.5,50,7.5,6.6,0.49,14.7,28.4,0.24
14,Little Rock,31,10,21,0.323,-4.64,-1.85,5,13,7,9,3,12,2301,2353,1250,817,1687,0.484,206,581,0.355,461,703,0.656,244,1060,443,169,87,503,622,72.7,101.2,0.417,0.344,0.569,49.8,54.2,7.4,8.6,0.545,19.9,24.1,0.273
15,Arkansas-Pine Bluff,32,13,19,0.406,-14.51,-8.25,10,8,8,2,4,17,2108,2269,1300,719,1685,0.427,194,574,0.338,476,702,0.678,317,1063,365,216,108,478,629,67.3,96.3,0.417,0.341,0.522,49.4,50.8,9.9,9.4,0.484,19.1,29.1,0.282
16,Arkansas State,32,13,19,0.406,-6.83,-0.97,7,11,10,4,2,13,2359,2475,1310,796,1904,0.418,237,709,0.334,530,721,0.735,403,1211,363,183,139,448,684,70.2,102.6,0.379,0.372,0.525,51.5,45.6,8,11.8,0.48,16.6,33.2,0.278
17,Arkansas,33,18,15,0.545,12.14,8.99,8,10,12,6,4,7,2499,2395,1330,874,1949,0.448,251,724,0.347,500,749,0.668,337,1111,521,266,162,439,667,71.8,104.6,0.384,0.371,0.542,46.8,59.6,11.1,14.9,0.513,16,28.5,0.257
18,Army,32,13,19,0.406,-7.35,-4.51,8,10,10,4,3,13,2268,2305,1280,837,1956,0.428,272,864,0.315,322,471,0.684,259,1125,499,198,50,376,544,71.7,98.9,0.241,0.442,0.52,48.9,59.6,8.6,4.6,0.497,14.7,21.8,0.165
19,Auburn NCAA,35,26,9,0.743,20.36,10.07,11,7,15,2,4,6,2785,2384,1410,956,2135,0.448,396,1052,0.376,477,669,0.713,419,1212,501,330,168,424,636,69.3,114,0.313,0.493,0.568,49.8,52.4,13.5,16.1,0.541,14.7,33,0.223
20,Austin Peay,33,22,11,0.667,0.63,-4.37,13,5,10,2,8,7,2712,2413,1335,973,2060,0.472,268,702,0.382,498,705,0.706,397,1215,454,252,110,392,595,71.9,113.1,0.342,0.341,0.566,51.7,46.7,10.5,9.2,0.537,14.1,33.1,0.242
21,Ball State,33,16,17,0.485,3.72,1.54,6,12,7,7,8,7,2478,2362,1340,889,1892,0.47,202,621,0.325,498,709,0.702,308,1243,426,217,119,480,580,71.7,103.1,0.375,0.328,0.556,51.5,47.9,9,8.9,0.523,17.7,27.7,0.263
22,Baylor NCAA,32,19,13,0.594,12.84,8.37,10,8,13,5,5,6,2293,2150,1285,816,1853,0.44,254,748,0.34,407,604,0.674,428,1222,443,196,152,424,599,66.6,107.1,0.326,0.404,0.536,54.5,54.3,9.2,13.9,0.509,16.5,38,0.22
23,Belmont NCAA,32,27,5,0.844,8.98,-3.19,16,2,13,1,12,3,2791,2360,1290,1015,2029,0.5,334,893,0.374,427,578,0.739,277,1238,631,218,121,371,493,74.4,116.3,0.285,0.44,0.606,52.4,62.2,9.1,9.2,0.583,13.9,25.1,0.21
24,Bethune-Cookman,31,14,17,0.452,-11.84,-9.6,9,7,11,4,3,12,2290,2245,1250,833,1899,0.439,204,635,0.321,420,689,0.61,415,1273,443,234,108,501,610,74.3,98.6,0.363,0.334,0.514,52.1,53.2,10.1,8.8,0.492,18.4,34.2,0.221
25,Binghamton,33,10,23,0.303,-13.72,-4.49,5,11,5,11,5,12,2152,2376,1320,793,1842,0.431,275,788,0.349,291,452,0.644,244,1060,324,183,152,409,474,67.3,96.9,0.245,0.428,0.523,45.6,40.9,8.2,12.6,0.505,16.6,21.4,0.158
26,Boise State,33,13,20,0.394,3.86,1.33,7,11,8,7,3,10,2364,2263,1330,845,1801,0.469,252,715,0.352,422,584,0.723,242,1016,398,200,68,379,569,66.5,106.9,0.324,0.397,0.569,49.8,47.1,9,6.5,0.539,15.4,23.7,0.234
27,Boston College,31,14,17,0.452,6.47,8.41,5,13,10,8,2,8,2196,2256,1260,768,1808,0.425,218,687,0.317,442,633,0.698,331,1137,382,159,103,378,509,68.4,101.9,0.35,0.38,0.521,48.7,49.7,7.4,9.1,0.485,15.2,28.6,0.244
28,Boston University,33,15,18,0.455,-6.42,-5.2,7,11,7,7,8,10,2385,2387,1325,922,1922,0.48,221,639,0.346,320,468,0.684,311,1091,447,199,73,425,578,68.1,105.8,0.243,0.332,0.556,51.5,48.5,8.8,6.6,0.537,16.5,28.7,0.166
29,Bowling Green State,34,22,12,0.647,4.53,1.15,12,6,14,2,5,8,2668,2496,1370,945,2134,0.443,272,762,0.357,506,755,0.67,408,1396,427,227,90,412,595,72.8,106.9,0.354,0.357,0.535,53.5,45.2,9.1,7.7,0.507,14.2,31.1,0.237
30,Bradley NCAA,34,20,14,0.588,-0.29,-1.47,9,9,10,6,5,8,2264,2209,1365,790,1822,0.434,231,632,0.366,453,654,0.693,311,1169,410,183,128,430,595,66.1,100.4,0.359,0.347,0.531,50.9,51.9,8.1,11.6,0.497,16.8,27.4,0.249
31,Brigham Young,32,19,13,0.594,6.39,3.54,11,5,13,3,5,8,2527,2436,1295,878,1877,0.468,226,684,0.33,545,750,0.727,263,1116,482,203,107,354,626,71.9,108.5,0.4,0.364,0.566,49,54.9,8.7,8.8,0.528,13.7,23.6,0.29
32,Brown,30,19,11,0.633,-0.17,-3.49,7,7,12,3,7,8,2209,2045,1210,759,1714,0.443,231,685,0.337,460,649,0.709,255,1099,385,229,114,427,565,72.7,100.5,0.379,0.4,0.546,50.3,50.7,10.4,11,0.51,17.4,24.1,0.268
33,Bryant,30,10,20,0.333,-14.88,-7.34,7,11,8,6,2,13,2088,2314,1200,709,1680,0.422,230,708,0.325,440,618,0.712,285,969,319,158,79,383,575,69.2,100.6,0.368,0.421,0.529,47.3,45,7.6,7.5,0.49,16.3,26.7,0.262
34,Bucknell,33,21,12,0.636,0.75,-2.77,13,5,12,3,7,8,2534,2418,1325,867,1928,0.45,311,885,0.351,489,653,0.749,286,1154,519,173,116,409,627,71.4,107.2,0.339,0.459,0.566,49.8,59.9,7.3,8.9,0.53,15.5,25.5,0.254
35,Buffalo NCAA,34,31,3,0.912,15.99,2.17,16,2,14,0,12,3,2888,2398,1365,1033,2232,0.463,325,968,0.336,497,719,0.691,428,1395,573,249,138,402,617,74.7,113.2,0.322,0.434,0.561,52.5,55.5,9.8,10.5,0.536,13.5,31.8,0.223
36,Butler,32,16,16,0.5,9.77,8.49,7,11,12,4,2,9,2298,2257,1290,835,1877,0.445,280,799,0.35,348,472,0.737,280,1032,418,188,61,351,570,67.2,106,0.251,0.426,0.547,48.5,50.1,8.7,5.8,0.519,14.3,25.6,0.185
37,Cal Poly,29,6,23,0.207,-13.72,-3.31,2,14,4,8,1,14,1930,2183,1185,706,1715,0.412,225,687,0.328,293,452,0.648,284,975,301,147,99,334,544,66.8,97.5,0.264,0.401,0.5,46.8,42.6,7.4,8.9,0.477,14.8,26.1,0.171
38,Cal State Bakersfield,31,16,15,0.516,-4.69,-2.08,7,9,9,4,5,9,2211,2207,1255,811,1896,0.428,212,638,0.332,377,565,0.667,446,1155,359,205,98,410,684,67.5,104.4,0.298,0.336,0.511,53.5,44.3,9.7,10.7,0.484,15.9,38.1,0.199
39,Cal State Fullerton,33,16,17,0.485,-2.77,-0.81,10,6,9,3,4,11,2379,2348,1345,850,1861,0.457,182,570,0.319,497,707,0.703,271,1187,397,195,112,437,617,70.4,100.5,0.38,0.306,0.541,50.4,46.7,8.2,8.6,0.506,16.6,24,0.267
40,Cal State Northridge,34,13,21,0.382,-6.33,-3.18,7,9,7,9,4,10,2601,2701,1375,968,2104,0.46,234,649,0.361,431,676,0.638,352,1214,512,225,154,410,641,72.1,105,0.321,0.308,0.536,47.9,52.9,9.1,11.3,0.516,14.5,27.7,0.205
41,California Baptist,30,16,14,0.533,-3.8,-4.07,7,9,8,6,8,6,2348,2185,1220,816,1813,0.45,280,779,0.359,436,557,0.783,298,1131,339,146,82,364,610,70.3,109.5,0.307,0.43,0.565,52,41.5,6.8,7,0.527,14.9,28.3,0.24
42,UC-Davis,31,11,20,0.355,-6,-1.24,7,9,7,6,3,12,2038,2128,1260,735,1673,0.439,203,619,0.328,365,515,0.709,218,928,375,196,71,412,596,67,96.5,0.308,0.37,0.531,46.5,51,9.3,7,0.5,17.7,21.5,0.218
43,UC-Irvine NCAA,35,30,5,0.857,5.85,-3,15,1,12,2,13,2,2551,2216,1420,945,2058,0.459,238,660,0.361,423,608,0.696,412,1404,463,199,148,412,648,66.3,108.4,0.295,0.321,0.544,55.1,49,8.5,11.1,0.517,14.9,34.3,0.206
44,UC-Riverside,33,10,23,0.303,-10.87,-2.94,4,12,7,7,2,14,2153,2279,1325,793,1787,0.444,279,741,0.377,288,421,0.684,281,1051,426,164,60,425,561,64.4,100.9,0.236,0.415,0.542,50.5,53.7,7.7,5.4,0.522,17.6,26.6,0.161
45,UC-Santa Barbara,32,22,10,0.688,-1.43,-5.36,10,6,12,3,7,6,2350,2114,1290,825,1818,0.454,204,594,0.343,496,693,0.716,379,1204,431,159,106,355,559,66,110.4,0.381,0.327,0.547,54.8,52.2,7.5,9.2,0.51,14.2,34.8,0.273
46,University of California,31,8,23,0.258,-3.09,5.49,3,15,7,9,1,10,2121,2387,1245,739,1735,0.426,207,592,0.35,436,603,0.723,249,899,335,227,98,352,573,68.5,99.5,0.348,0.341,0.525,44.6,45.3,10.7,9.9,0.486,14.8,23.3,0.251
47,Campbell,33,20,13,0.606,-3.75,-4.52,12,4,12,4,5,7,2495,2328,1325,867,1906,0.455,313,912,0.343,448,591,0.758,267,1051,482,218,104,337,522,68,110.7,0.31,0.478,0.57,47.8,55.6,9.7,9.9,0.537,13.4,23.8,0.235
48,Canisius,32,15,17,0.469,-8.6,-4.67,11,7,5,8,9,5,2250,2376,1295,798,1834,0.435,256,791,0.324,398,575,0.692,300,1026,466,204,108,412,626,68.5,101.4,0.314,0.431,0.534,47.3,58.4,9.2,9.7,0.505,16.4,27.1,0.217
49,Central Arkansas,33,14,19,0.424,-11.03,-4.46,8,10,8,5,5,13,2383,2498,1330,810,1903,0.426,276,784,0.352,487,667,0.73,299,1164,463,202,120,478,611,72,99.5,0.35,0.412,0.537,48.2,57.2,8.4,10.1,0.498,17.7,25.1,0.256
50,Central Connecticut State,31,11,20,0.355,-13.69,-6.38,5,13,5,7,5,12,2205,2367,1260,754,1821,0.414,201,612,0.328,496,634,0.782,332,1107,353,172,110,427,598,70.4,99.4,0.348,0.336,0.52,50.1,46.8,7.8,10.9,0.469,16.8,29.9,0.272
51,UCF,31,23,8,0.742,12.48,4.64,13,5,15,2,5,5,2236,1993,1245,765,1652,0.463,211,596,0.354,495,767,0.645,300,1139,411,178,139,367,524,67.2,107,0.464,0.361,0.554,51.5,53.7,8.5,12.4,0.527,15.4,29.3,0.3
52,Central Michigan,34,23,11,0.676,3.43,-0.24,10,8,13,4,7,5,2810,2590,1385,959,2113,0.454,294,793,0.371,598,888,0.673,412,1292,448,258,105,412,579,73.3,110.7,0.42,0.375,0.554,49.8,46.7,10.2,7.5,0.523,14,31.8,0.283
53,Charleston Southern,32,17,15,0.531,-2.28,-4.31,9,7,11,4,4,10,2439,2230,1290,871,2032,0.429,317,901,0.352,380,562,0.676,390,1200,459,252,106,414,537,71.9,105.3,0.277,0.443,0.53,50.9,52.7,10.9,10.1,0.507,15.3,31.3,0.187
54,Charlotte,29,8,21,0.276,-8.12,-0.67,5,13,5,9,3,9,1776,1992,1160,598,1441,0.415,191,615,0.311,389,524,0.742,199,892,288,138,101,418,490,65.8,93,0.364,0.427,0.525,48.3,48.2,7.2,11.1,0.481,19.8,21.9,0.27
55,Chattanooga,32,12,20,0.375,-7.49,-0.39,7,11,8,6,4,11,2268,2376,1285,833,1881,0.443,290,795,0.365,312,457,0.683,278,1096,419,139,79,409,553,69.5,101.6,0.243,0.423,0.54,48.6,50.3,6.2,6.4,0.52,16.3,24.4,0.166
56,Chicago State,32,3,29,0.094,-24.43,1.07,0,16,3,8,0,19,1970,2710,1280,718,1749,0.411,141,468,0.301,393,582,0.675,249,993,373,193,72,512,625,72,85.5,0.333,0.268,0.486,44.5,51.9,8.4,6.4,0.451,20.2,22.2,0.225
57,Cincinnati NCAA,34,28,6,0.824,14.6,5.1,14,4,16,2,7,4,2438,2115,1370,844,1953,0.432,226,646,0.35,524,744,0.704,431,1232,457,210,153,358,545,64.9,109.7,0.381,0.331,0.529,53.9,54.1,9.4,14.7,0.49,13.4,37.2,0.268
58,Citadel,30,12,18,0.4,-7.72,0.24,4,14,8,7,4,10,2553,2584,1210,899,2010,0.447,370,1076,0.344,385,523,0.736,322,1107,463,201,110,386,528,76.7,110,0.26,0.535,0.565,47.7,51.5,8.7,10.6,0.539,14.6,27,0.192
59,Clemson,33,20,13,0.606,14.85,9.61,9,9,13,4,4,6,2284,2111,1320,818,1803,0.454,215,647,0.332,433,592,0.731,298,1169,404,214,148,439,539,67.3,102.9,0.328,0.359,0.548,52.7,49.4,9.6,13.6,0.513,17.4,28,0.24
60,Cleveland State,31,10,21,0.323,-7.88,-1.43,5,13,8,9,2,12,2300,2437,1250,799,1834,0.436,303,820,0.37,399,585,0.682,303,1094,460,174,97,412,551,71.4,103.1,0.319,0.447,0.545,47.5,57.6,7.8,8.3,0.518,16.3,26.7,0.218
61,Coastal Carolina,31,15,16,0.484,-1.17,-2,9,9,9,4,5,10,2364,2265,1250,797,1772,0.45,249,680,0.366,521,724,0.72,338,1138,406,196,76,442,638,70.7,107.1,0.409,0.384,0.559,52.8,50.9,8.9,8,0.52,17.3,32.1,0.294
62,Colgate NCAA,34,24,10,0.706,1.02,-4.41,13,5,15,1,9,9,2578,2381,1375,930,1939,0.48,305,786,0.388,413,557,0.741,319,1209,531,210,120,443,532,67.9,110.5,0.287,0.405,0.585,53,57.1,9,10.2,0.558,16.7,29.6,0.213
63,College of Charleston,33,24,9,0.727,2.71,-2.6,12,6,13,2,8,5,2453,2265,1330,878,1818,0.483,227,667,0.34,470,615,0.764,260,1060,387,216,76,347,486,66.3,111.3,0.338,0.367,0.581,50.4,44.1,9.8,7.3,0.545,14.1,25.4,0.259
64,Colorado State,32,12,20,0.375,0.19,1.71,7,11,8,9,3,8,2393,2406,1285,866,1818,0.476,259,722,0.359,402,579,0.694,256,1080,472,200,74,372,522,68.9,108.1,0.318,0.397,0.572,49.8,54.5,9,6.6,0.548,15.1,24.5,0.221
65,Colorado,34,22,12,0.647,10.01,3.65,10,8,13,2,5,8,2517,2301,1365,879,1928,0.456,220,675,0.326,539,718,0.751,349,1273,452,174,102,452,586,69.4,106.3,0.372,0.35,0.555,54.8,51.4,7.3,8.4,0.513,16.6,31.2,0.28
66,Columbia,28,10,18,0.357,-5.01,-1.97,5,9,5,7,4,9,2059,2052,1160,778,1721,0.452,237,655,0.362,266,378,0.704,255,986,443,218,78,366,539,69.4,102.3,0.22,0.381,0.542,49.7,56.9,10.8,8.3,0.521,16.1,25.6,0.155
67,Connecticut,33,16,17,0.485,6.7,4.21,6,12,13,5,1,8,2436,2354,1325,874,1959,0.446,252,732,0.344,436,641,0.68,380,1167,422,200,145,427,643,69.7,105.5,0.327,0.374,0.538,50.7,48.3,8.7,11.9,0.51,15.9,32.3,0.223
68,Coppin State,33,8,25,0.242,-18.76,-6.97,7,9,3,7,4,16,2118,2507,1330,710,1827,0.389,240,841,0.285,458,689,0.665,314,1218,326,169,115,555,619,71.9,88.5,0.377,0.46,0.492,48.8,45.9,7.1,9.5,0.454,20.5,25.5,0.251
69,Cornell,31,15,16,0.484,-6,-1.9,7,7,9,4,6,11,2149,2211,1260,754,1707,0.442,243,732,0.332,398,551,0.722,191,1015,453,181,107,414,491,69.6,97.9,0.323,0.429,0.546,46.7,60.1,8.2,8.6,0.513,17.4,18.3,0.233
70,Creighton,33,19,14,0.576,12.56,8.91,9,9,11,6,4,7,2590,2423,1340,928,1925,0.482,357,908,0.393,377,549,0.687,268,1122,526,223,83,434,549,70.1,110.3,0.285,0.472,0.592,50,56.7,9.5,7.1,0.575,16.6,24.7,0.196
71,Dartmouth,30,11,19,0.367,-5.61,-2.86,2,12,8,6,2,12,2160,2116,1210,791,1748,0.453,264,719,0.367,314,435,0.722,246,1020,415,159,98,361,468,68.3,104.6,0.249,0.411,0.553,50.3,52.5,7.7,8.5,0.528,15.6,24.3,0.18
72,Davidson,34,24,10,0.706,6.63,2.2,14,4,14,1,7,5,2409,2229,1365,852,1893,0.45,312,882,0.354,393,525,0.749,264,1185,499,175,82,378,539,66.1,106.8,0.277,0.466,0.562,50.9,58.6,7.8,7.7,0.532,15,23.8,0.208
73,Dayton,33,21,12,0.636,9.91,3.16,13,5,13,4,7,3,2406,2183,1335,902,1789,0.504,205,617,0.332,397,575,0.69,261,1145,541,164,81,414,463,66.2,108.9,0.321,0.345,0.583,52,60,7.4,7,0.561,16.7,26.4,0.222
74,Delaware State,31,6,25,0.194,-26.8,-10.11,2,14,3,9,2,15,1956,2371,1240,695,1963,0.354,234,789,0.297,332,489,0.679,378,1144,333,214,65,435,589,72.6,86.9,0.249,0.402,0.446,46.7,47.9,9.5,5.9,0.414,16.5,28.1,0.169
75,Delaware,33,17,16,0.515,-7.56,-4.46,8,10,9,7,7,8,2352,2380,1360,830,1808,0.459,282,746,0.378,410,564,0.727,254,1083,425,149,78,378,523,64.7,106.9,0.312,0.413,0.567,48.8,51.2,6.8,6.5,0.537,15.4,23.8,0.227
76,Denver,30,8,22,0.267,-11.69,-2.82,3,13,6,7,1,14,2086,2319,1205,755,1723,0.438,227,622,0.365,349,460,0.759,275,1041,354,142,78,408,506,69.1,100.3,0.267,0.361,0.537,51.5,46.9,6.8,7.9,0.504,17.4,26.7,0.203
77,DePaul,30,15,15,0.5,6.82,5.05,7,11,12,6,3,8,2306,2253,1205,827,1772,0.467,203,589,0.345,449,627,0.716,340,1125,438,190,87,414,536,71,107.8,0.354,0.332,0.557,54.1,53,8.9,8.7,0.524,16.7,32.8,0.253
78,Detroit Mercy,31,11,20,0.355,-6.25,-0.29,8,10,6,6,4,14,2279,2464,1240,784,1875,0.418,294,825,0.356,417,581,0.718,336,1019,319,238,77,355,528,70.4,104.3,0.31,0.44,0.53,45.7,40.7,10.9,7,0.497,14.2,28.8,0.222
79,Drake,33,24,9,0.727,3.29,-0.23,12,6,13,2,7,5,2490,2307,1340,880,1868,0.471,273,750,0.364,457,607,0.753,271,1174,508,174,126,436,549,69.4,107.1,0.325,0.401,0.577,51.4,57.7,7.5,10,0.544,16.8,25.3,0.245
80,Drexel,32,13,19,0.406,-6.68,-2.59,7,11,9,7,3,11,2425,2475,1280,874,1900,0.46,237,669,0.354,440,584,0.753,312,1126,464,144,62,377,543,70,108.3,0.307,0.352,0.557,51.9,53.1,6.4,4.9,0.522,14.8,29,0.232
81,Duke NCAA,34,29,5,0.853,28.34,12.4,14,4,15,2,7,2,2839,2297,1365,1037,2173,0.477,247,818,0.302,518,751,0.69,455,1421,541,322,232,446,539,73.7,112.9,0.346,0.376,0.561,53.9,52.2,12.8,16.4,0.534,15,36.1,0.238
82,Duquesne,32,19,13,0.594,0.72,-0.44,10,8,14,4,4,6,2351,2314,1295,810,1895,0.427,271,841,0.322,460,663,0.694,379,1133,443,250,151,451,580,70.5,103,0.35,0.444,0.532,48.2,54.7,11,12.1,0.499,16.9,31.6,0.243
83,East Carolina,31,10,21,0.323,-5.63,1.18,3,15,8,9,1,11,2088,2299,1255,749,1791,0.418,155,545,0.284,435,638,0.682,317,1061,382,223,110,416,622,69.9,95.2,0.356,0.304,0.499,47.9,51,10.2,10,0.461,16.6,27.9,0.243
84,East Tennessee State,33,24,9,0.727,5.99,-1.5,13,5,13,2,8,6,2613,2269,1335,971,2001,0.485,261,725,0.36,410,617,0.665,430,1320,513,246,131,470,582,70,111.8,0.308,0.362,0.57,57.5,52.8,10.5,11.9,0.55,17,37.8,0.205
85,Eastern Illinois,32,14,18,0.438,-11.77,-4.96,7,11,7,6,5,10,2299,2457,1310,826,1912,0.432,272,735,0.37,375,545,0.688,347,1147,434,200,120,427,569,69,101.7,0.285,0.384,0.53,49.2,52.5,8.8,10.7,0.503,16.4,29.3,0.196
86,Eastern Kentucky,31,13,18,0.419,-7.33,-2.4,6,12,9,5,3,11,2562,2577,1265,902,2125,0.424,272,832,0.327,486,683,0.712,362,1167,458,317,101,447,661,79.9,101.3,0.321,0.392,0.523,47.5,50.8,12.5,8,0.488,15.4,27.7,0.229
87,Eastern Michigan,32,15,17,0.469,0.8,4.83,9,9,11,7,4,10,2203,2213,1295,818,1822,0.449,187,634,0.295,380,604,0.629,400,1155,369,237,142,442,530,66.5,102.3,0.332,0.348,0.522,51,45.1,11,13.5,0.5,17.3,35.6,0.209
88,Eastern Washington,34,16,18,0.471,-6.81,-4.21,12,8,9,4,4,13,2460,2527,1380,876,2040,0.429,310,886,0.35,398,546,0.729,299,1192,467,200,101,401,632,69.5,102.6,0.268,0.434,0.535,49.9,53.3,8.3,8.6,0.505,14.8,24.4,0.195
89,Elon,32,11,21,0.344,-11.12,-3.15,7,11,5,11,6,7,2266,2445,1290,812,1860,0.437,335,942,0.356,307,443,0.693,265,1080,468,135,59,413,539,69,101.9,0.238,0.506,0.547,48,57.6,6.1,5.1,0.527,16.6,23.6,0.165
90,Evansville,32,11,21,0.344,-3.7,0.26,5,13,9,7,2,13,2234,2317,1295,747,1776,0.421,264,776,0.34,476,660,0.721,215,1095,394,185,89,416,601,70.8,97.5,0.372,0.437,0.535,47.3,52.7,8.1,7.1,0.495,16.6,18.9,0.268
91,Fairfield,31,9,22,0.29,-10.11,-7.04,6,12,5,7,3,13,2072,2167,1240,761,1755,0.434,259,740,0.35,291,420,0.693,273,968,401,202,63,436,612,68.1,98.1,0.239,0.422,0.53,47.6,52.7,9.6,6,0.507,18.2,25.8,0.166
92,Fairleigh NCAA,34,21,13,0.618,-5.66,-8.04,12,6,13,4,7,9,2571,2428,1380,906,1889,0.48,263,651,0.404,496,680,0.729,315,1125,478,254,128,460,564,68.7,108.5,0.36,0.345,0.581,49.7,52.8,10.7,10.6,0.549,17.2,29.2,0.263
93,Florida A&M,31,12,19,0.387,-13.54,-8.06,9,7,6,3,6,14,1927,2057,1245,719,1640,0.438,180,489,0.368,309,503,0.614,288,991,355,226,111,499,580,67.1,92.3,0.307,0.298,0.513,47.9,49.4,10.8,10.7,0.493,21,27.9,0.188
94,Florida Atlantic,32,17,15,0.531,-1.02,-1.44,8,10,9,5,6,8,2256,2175,1295,788,1913,0.412,279,865,0.323,401,535,0.75,357,1266,407,178,93,473,562,70.4,99,0.28,0.452,0.521,52.6,51.6,7.8,8.4,0.485,17.9,30,0.21
95,Florida Gulf Coast,32,14,18,0.438,-4.94,-1.31,9,7,10,4,4,10,2280,2360,1280,809,1786,0.453,269,724,0.372,393,588,0.668,272,1064,449,216,133,479,514,71.1,100.2,0.329,0.405,0.552,48.3,55.5,9.5,11.6,0.528,18.8,25.6,0.22
96,Florida International,32,19,13,0.594,-3.76,-1.3,10,8,12,4,5,8,2643,2555,1280,933,2115,0.441,269,878,0.306,508,795,0.639,347,1150,468,339,146,448,621,80.7,102.3,0.376,0.415,0.53,45.5,50.2,13.1,11.5,0.505,15.2,26.2,0.24
97,FSU,34,27,7,0.794,18.37,10.58,13,5,15,1,6,4,2547,2282,1380,879,1984,0.443,255,760,0.336,534,721,0.741,389,1271,438,237,145,459,651,69.2,106.7,0.363,0.383,0.547,53.3,49.8,9.9,12.5,0.507,16.5,33.1,0.269
98,Florida NCAA,34,19,15,0.559,15.74,11.12,9,9,9,6,5,6,2321,2164,1375,814,1908,0.427,277,828,0.335,416,579,0.718,361,1141,416,244,126,400,581,64.8,104.2,0.303,0.434,0.532,49.6,51.1,11,11.3,0.499,15.5,31.1,0.218
99,Fordham,32,12,20,0.375,-4.76,-2.15,3,15,9,10,3,8,2108,2141,1295,759,1890,0.402,276,831,0.332,314,462,0.68,305,1082,360,188,108,345,559,66.4,98,0.244,0.44,0.5,47.5,47.4,8.7,9.9,0.475,14.1,25.3,0.166
100,Fresno State,32,23,9,0.719,9.32,1,13,5,13,4,7,3,2448,2162,1285,847,1866,0.454,342,897,0.381,412,572,0.72,300,1138,457,228,111,400,591,69.6,109.5,0.307,0.481,0.573,51,54,10.2,10.6,0.546,15.8,27.1,0.221
101,Furman,32,25,7,0.781,8,-1.49,13,5,13,2,11,4,2492,2106,1300,904,1900,0.476,330,908,0.363,354,496,0.714,320,1144,510,280,135,401,465,68.3,112.3,0.261,0.478,0.583,51.2,56.4,12.6,11.7,0.563,15.8,29.9,0.186
102,Gardner-Webb NCAA,34,23,11,0.676,-3.05,-5.4,11,6,13,0,8,9,2662,2397,1390,933,1912,0.488,272,696,0.391,524,737,0.711,268,1169,492,233,99,391,545,68.7,111.6,0.385,0.364,0.588,49.5,52.7,9.8,8.8,0.559,14.7,24.8,0.274
103,George Mason,33,18,15,0.545,1.04,0.29,11,7,11,6,6,6,2314,2289,1330,825,1855,0.445,210,637,0.33,454,634,0.716,323,1166,399,204,95,428,563,68.1,102.2,0.342,0.343,0.537,51.3,48.4,9,8.2,0.501,16.6,28.9,0.245
104,George Washington,33,9,24,0.273,-6.4,1.45,4,14,6,11,2,10,2097,2356,1340,745,1842,0.404,196,631,0.311,411,600,0.685,274,1116,375,170,96,413,526,67.5,92.8,0.326,0.343,0.493,47.4,50.3,7.5,8.3,0.458,16.3,23.3,0.223
105,Georgetown,32,19,13,0.594,7.53,5.91,9,9,13,5,5,6,2557,2505,1315,869,1955,0.445,264,736,0.359,555,755,0.735,340,1269,531,189,130,435,566,73.4,106,0.386,0.376,0.553,52.2,61.1,7.8,10.6,0.512,15.8,28.9,0.284
106,Georgia Southern,33,21,12,0.636,3.96,0.34,12,6,10,4,7,7,2726,2489,1330,1012,2027,0.499,203,631,0.322,499,721,0.692,316,1186,401,254,131,451,590,75.3,108.8,0.356,0.311,0.575,50.7,39.6,10.1,10.5,0.549,16,27.9,0.246
107,Georgia State NCAA,33,24,9,0.727,3.1,0.35,13,5,13,1,7,7,2543,2407,1320,885,1908,0.464,324,836,0.388,449,677,0.663,267,1083,410,263,157,384,572,71.4,107.9,0.355,0.438,0.57,45.7,46.3,11.2,14.4,0.549,14.7,23.5,0.235
108,Georgia Tech,32,14,18,0.438,7.51,8.73,6,12,11,7,3,9,2091,2130,1285,755,1714,0.44,176,573,0.307,405,588,0.689,262,1076,433,221,166,459,560,68.1,95.6,0.343,0.334,0.525,48.3,57.4,10.1,14.4,0.492,18.7,25.3,0.236
109,Georgia,32,11,21,0.344,5.62,8.43,2,16,8,9,2,9,2274,2364,1280,776,1760,0.441,210,652,0.322,512,726,0.705,357,1215,423,185,163,506,565,70.4,100.9,0.413,0.37,0.54,52.1,54.5,8.2,12.7,0.501,19.4,32.7,0.291
110,Gonzaga NCAA,33,30,3,0.909,28.23,4.44,16,0,17,0,9,1,2932,2147,1320,1062,1997,0.532,257,704,0.365,551,718,0.767,315,1275,594,249,178,342,530,71.6,124.1,0.36,0.353,0.627,54.3,55.9,10.5,13.4,0.596,12.8,30.6,0.276
111,Grambling,33,17,16,0.515,-9.96,-9.59,10,8,11,3,6,11,2353,2262,1330,803,1791,0.448,216,541,0.399,531,776,0.684,306,1255,398,189,145,521,683,71.5,98.9,0.433,0.302,0.545,50.7,49.6,7.9,11.7,0.509,19.4,26.7,0.296
112,Grand Canyon,33,20,13,0.606,4.49,-1.45,10,6,12,2,5,7,2497,2276,1330,882,1944,0.454,248,748,0.332,483,659,0.733,344,1202,466,202,71,397,577,69.4,108.1,0.339,0.385,0.553,52.1,52.8,8.7,5.9,0.517,15,29.7,0.248
113,Green Bay,33,17,16,0.515,-3.31,-0.01,10,8,12,3,4,12,2653,2633,1330,944,2084,0.453,257,757,0.339,508,722,0.704,317,1197,489,259,134,422,634,76.4,104.4,0.346,0.363,0.547,47.6,51.8,10.2,10.8,0.515,14.8,25,0.244
114,Hampton,31,15,16,0.484,-4.28,-5.35,9,7,10,3,5,11,2533,2380,1270,860,1983,0.434,263,764,0.344,548,701,0.782,332,1194,435,194,110,334,586,72.8,109.6,0.354,0.385,0.547,50.2,50.6,8.4,9.5,0.5,12.6,27.9,0.276
115,Hartford,33,18,15,0.545,-3.68,-4.62,10,6,10,4,8,9,2477,2407,1345,848,1863,0.455,322,846,0.381,459,619,0.742,278,1050,462,228,69,401,552,68,108.4,0.332,0.454,0.574,47.4,54.5,10,6,0.542,15.7,25.3,0.246
116,Harvard,29,18,11,0.621,1.38,0.17,10,4,9,2,7,8,2074,2028,1185,733,1603,0.457,250,679,0.368,358,501,0.715,267,1043,348,167,111,458,514,68.5,102.2,0.313,0.424,0.563,53.2,47.5,8.2,11,0.535,19.9,28,0.223
117,Hawaii,31,18,13,0.581,-1.06,-3.37,9,7,12,5,4,5,2241,2131,1250,788,1746,0.451,266,751,0.354,399,576,0.693,278,1055,478,156,66,368,556,67.6,106.1,0.33,0.43,0.555,51.1,60.7,7.4,5.8,0.527,15.4,26.8,0.229
118,High Point,31,16,15,0.516,-5.77,-4.53,9,7,9,4,5,8,2115,2105,1255,763,1719,0.444,180,583,0.309,409,604,0.677,363,1183,404,170,91,406,502,65.5,103,0.351,0.339,0.527,55,52.9,8.3,9.8,0.496,16.8,34.2,0.238
119,Hofstra,35,27,8,0.771,5.04,-4.16,15,3,15,1,10,5,2919,2553,1440,998,2055,0.486,308,800,0.385,615,767,0.802,305,1168,492,228,122,342,526,68.3,118.8,0.373,0.389,0.603,50.3,49.3,9.3,9.2,0.561,12.4,27.7,0.299
120,Holy Cross,33,16,17,0.485,-6.27,-3.85,6,12,8,6,6,11,2216,2296,1335,848,1834,0.462,237,670,0.354,283,424,0.667,220,916,510,241,127,350,481,65,102.1,0.231,0.365,0.544,43.5,60.1,11.1,12.4,0.527,14.7,20.5,0.154
121,Houston Baptist,30,12,18,0.4,-9,-5.18,8,10,9,4,3,13,2465,2484,1225,865,1896,0.456,200,588,0.34,535,793,0.675,409,1142,449,234,54,442,593,75,107.3,0.418,0.31,0.542,52.2,51.9,10.2,4.5,0.509,16.3,35,0.282
122,Houston NCAA,34,31,3,0.912,18.23,3.85,16,2,19,1,10,1,2571,2082,1360,902,2030,0.444,313,871,0.359,454,647,0.702,422,1391,503,219,153,386,648,67.6,111.9,0.319,0.429,0.55,54.9,55.8,9.5,13.8,0.521,14.2,34.4,0.224
123,Howard,33,17,16,0.515,-12.36,-9.79,10,6,6,8,9,7,2612,2580,1330,914,2104,0.434,234,643,0.364,550,762,0.722,394,1219,450,193,139,417,628,74.7,105.1,0.362,0.306,0.53,48.4,49.2,7.8,11.1,0.49,14.5,30.4,0.261
124,Idaho State,30,11,19,0.367,-13.15,-4.79,7,13,6,7,5,11,2198,2369,1200,779,1742,0.447,274,752,0.364,366,498,0.735,275,975,383,154,88,360,497,68.9,106.3,0.286,0.432,0.555,48.6,49.2,7.4,7.9,0.526,15.4,26.8,0.21
125,Idaho,32,5,27,0.156,-18.72,-6.16,2,18,4,11,1,13,2174,2460,1285,778,1764,0.441,251,678,0.37,367,507,0.724,258,1061,399,130,53,433,581,67.9,99.6,0.287,0.384,0.542,47.7,51.3,6,4.8,0.512,17.8,24.2,0.208
126,Illinois-Chicago,32,16,16,0.5,-3.14,-1.97,10,8,12,4,4,12,2391,2385,1295,865,1881,0.46,303,856,0.354,358,525,0.682,271,1106,478,210,124,457,684,71.5,103.3,0.279,0.455,0.561,48.4,55.3,9.1,10.6,0.54,17.7,24.8,0.19
127,Illinois State,33,17,16,0.515,-1.86,0.46,9,9,12,4,2,10,2257,2314,1330,813,1887,0.431,244,734,0.332,387,540,0.717,298,1139,421,162,106,417,577,67.9,100,0.286,0.389,0.526,49.5,51.8,7.2,9.7,0.495,16.3,25.5,0.205
128,Illinois,33,12,21,0.364,9.47,12.05,7,13,9,6,1,9,2398,2483,1335,862,2001,0.431,259,751,0.345,415,591,0.702,351,1089,446,244,86,435,696,71,101.2,0.295,0.375,0.525,47.5,51.7,10.3,7.3,0.496,16,29,0.207
129,Incarnate Word,31,6,25,0.194,-18.68,-4.87,1,17,5,9,0,14,2044,2355,1255,711,1527,0.466,174,508,0.343,448,553,0.81,204,845,354,184,53,504,592,66.6,97.8,0.362,0.333,0.571,46.7,49.8,8.8,5.2,0.523,22,23.6,0.293
130,Indiana State,31,15,16,0.484,-2.59,0.76,7,11,9,5,4,9,2146,2218,1250,757,1719,0.44,178,491,0.363,454,621,0.731,250,1007,342,207,73,410,586,69.3,99,0.361,0.286,0.533,48.4,45.2,9.6,6.8,0.492,16.9,23.8,0.264
131,Indiana,33,18,15,0.545,14.81,10.66,8,12,13,5,3,9,2378,2241,1340,873,1893,0.461,199,636,0.313,433,658,0.658,322,1198,444,213,146,411,563,68.3,103.9,0.348,0.336,0.539,50.9,50.9,9.3,12,0.514,15.7,28.4,0.229
132,Iona NCAA,32,17,15,0.531,-5.04,-6.26,12,6,8,3,5,9,2459,2420,1280,835,1842,0.453,282,804,0.351,507,684,0.741,282,1126,420,217,89,394,552,71.3,107.8,0.371,0.436,0.567,48.5,50.3,9.5,8,0.53,15.4,25,0.275
133,Iowa State NCAA,34,23,11,0.676,18.14,9.02,9,9,12,4,5,6,2633,2323,1360,951,1994,0.477,288,789,0.365,443,605,0.732,321,1199,518,238,158,367,502,68.4,113.3,0.303,0.396,0.577,50.5,54.5,10.2,12.8,0.549,13.9,28.7,0.222
134,Iowa NCAA,33,22,11,0.667,14.44,9.78,10,10,14,4,4,6,2584,2430,1330,862,1894,0.455,267,739,0.361,593,801,0.74,343,1179,519,204,108,401,529,70.3,110.6,0.423,0.39,0.568,50.7,60.2,8.7,9.3,0.526,15,30,0.313
135,Purdue-Fort Wayne,33,18,15,0.545,-3.3,-3.44,9,7,11,5,6,9,2728,2556,1330,991,2060,0.481,360,949,0.379,386,557,0.693,271,1140,525,247,158,395,495,73.5,111.7,0.27,0.461,0.587,48.9,53,10.1,12.3,0.568,14.5,24,0.187
136,IUPUI,33,16,17,0.485,-2.73,-3.05,8,10,11,4,3,12,2507,2429,1320,891,1969,0.453,234,695,0.337,491,699,0.702,403,1233,471,228,103,462,578,71.6,106.1,0.355,0.353,0.545,53.2,52.9,9.7,8.8,0.512,16.7,34.3,0.249
137,Jackson State,32,13,19,0.406,-14.61,-9.35,10,8,9,4,3,14,1974,2107,1285,717,1773,0.404,155,555,0.279,385,607,0.634,331,1124,360,210,124,436,643,67.4,91.2,0.342,0.313,0.479,50.6,50.2,9.7,11.9,0.448,17.5,28.7,0.217
138,Jacksonville State,33,24,9,0.727,1.64,-5.42,15,3,11,1,10,7,2574,2283,1345,953,2064,0.462,200,634,0.315,468,630,0.743,400,1310,451,245,138,440,552,71.3,107.4,0.305,0.307,0.545,54.3,47.3,10.2,12.2,0.51,15.7,33.4,0.227
139,Jacksonville,32,12,20,0.375,-8.16,-4.62,5,11,5,8,6,11,2385,2402,1285,889,1953,0.455,213,645,0.33,394,582,0.677,330,1163,456,213,166,463,523,73.3,101.3,0.298,0.33,0.535,50.5,51.3,9,13,0.51,17.2,28.4,0.202
140,James Madison,33,14,19,0.424,-8.21,-3.76,6,12,8,6,4,11,2322,2409,1350,821,1860,0.441,243,671,0.362,437,607,0.72,345,1123,403,211,101,420,612,66,104.3,0.326,0.361,0.54,50.6,49.1,9.5,8.3,0.507,16.4,30.8,0.235
141,Kansas State NCAA,33,25,8,0.758,15.78,9.2,14,4,13,2,7,5,2172,1955,1320,784,1818,0.431,233,694,0.336,371,559,0.664,308,1100,454,251,75,372,532,65,101.3,0.307,0.382,0.521,50.8,57.9,11.7,7.8,0.495,15.1,27.9,0.204
142,Kansas NCAA,34,25,9,0.735,18.08,12.78,12,6,16,0,3,8,2563,2383,1375,928,2008,0.462,246,702,0.35,461,661,0.697,353,1293,453,233,134,444,573,70.3,106,0.329,0.35,0.552,51.7,48.8,9.6,11,0.523,16.1,29.7,0.23
143,Kennesaw State,32,6,26,0.188,-16.1,-0.97,3,13,6,8,0,15,2030,2455,1285,742,1945,0.381,136,438,0.311,410,590,0.695,372,1163,363,185,106,437,525,70.9,89.1,0.303,0.225,0.456,48.7,48.9,8.1,8.7,0.416,16.4,29.4,0.211
144,Kent State,32,22,10,0.688,1.88,0.88,11,7,14,3,8,6,2404,2330,1290,850,1967,0.432,249,743,0.335,455,631,0.721,400,1153,418,219,115,367,587,69.4,107.3,0.321,0.378,0.53,51,49.2,9.8,10.2,0.495,13.9,33.7,0.231
145,Kentucky NCAA,33,27,6,0.818,21.76,10.46,15,3,17,1,8,2,2532,2159,1325,878,1835,0.478,199,547,0.364,577,780,0.74,384,1272,457,199,167,417,537,67.9,112.6,0.425,0.298,0.574,56.6,52.1,8.8,14.2,0.533,15.9,36.5,0.314
146,La Salle,31,10,21,0.323,-3.33,1.58,8,10,5,9,3,8,2091,2243,1240,719,1798,0.4,259,783,0.331,394,512,0.77,328,1060,391,230,98,435,630,69.5,97,0.285,0.435,0.512,48.9,54.4,10.7,8.6,0.472,17.6,28.8,0.219
147,Lafayette,30,10,20,0.333,-11.01,-4.77,7,11,4,11,6,9,2209,2349,1220,802,1785,0.449,280,736,0.38,325,437,0.744,233,1001,419,156,125,402,515,70.4,102.9,0.245,0.412,0.554,48.3,52.2,7.3,10.7,0.528,16.8,22.6,0.182
148,Lamar,33,20,13,0.606,-5.72,-7,12,6,13,2,6,10,2597,2322,1340,902,1977,0.456,228,665,0.343,565,823,0.687,446,1281,479,283,96,473,623,71.3,108.8,0.416,0.336,0.548,54.9,53.1,11.9,8.3,0.514,16.6,37.2,0.286
149,Lehigh,31,20,11,0.645,-2.16,-4.29,12,6,11,3,9,8,2479,2413,1250,856,1773,0.483,287,677,0.424,480,619,0.775,232,1102,468,172,71,418,571,72.4,109.5,0.349,0.382,0.6,50.5,54.7,7.6,6.3,0.564,16.8,23.6,0.271
150,Liberty NCAA,34,28,6,0.824,4.78,-5.12,14,2,16,1,11,3,2516,2066,1360,921,1877,0.491,300,816,0.368,374,485,0.771,263,1113,505,217,91,373,513,65.3,113.3,0.258,0.435,0.597,51.7,54.8,9.8,8.2,0.571,15,25.9,0.199
151,Lipscomb,33,26,7,0.788,8.79,-2.63,14,2,14,3,11,4,2759,2290,1320,960,1982,0.484,291,776,0.375,548,727,0.754,300,1229,573,248,90,438,572,74.8,111.7,0.367,0.392,0.593,53.2,59.7,10,7.6,0.558,15.8,27,0.276
152,Long Beach State,34,15,19,0.441,-4.36,-0.23,8,8,9,5,4,12,2545,2584,1375,877,2031,0.432,217,630,0.344,574,831,0.691,377,1263,399,219,105,479,620,73.3,101,0.409,0.31,0.525,48.7,45.5,8.7,7.6,0.485,16.5,29.1,0.283
153,Long Island University,32,16,16,0.5,-8.67,-8.77,9,9,8,5,7,9,2373,2337,1285,822,1880,0.437,277,813,0.341,452,643,0.703,321,1196,430,218,157,471,610,72.9,101.4,0.342,0.432,0.543,50.1,52.3,9.3,12,0.511,17.7,27.8,0.24
154,Longwood,32,15,17,0.469,-9.86,-7.45,5,11,9,5,5,11,2228,2243,1295,742,1755,0.423,302,879,0.344,442,605,0.731,269,1133,364,198,68,459,591,68.9,99.9,0.345,0.501,0.545,50.8,49.1,8.9,7.4,0.509,18.3,24.7,0.252
155,Louisiana,32,19,13,0.594,-1.86,-1.29,10,8,10,4,7,7,2612,2575,1290,901,2021,0.446,283,814,0.348,527,710,0.742,363,1141,485,224,125,423,612,74.9,108.2,0.351,0.403,0.554,48.5,53.8,9.3,10,0.516,15.2,29.8,0.261
156,Louisiana-Monroe,33,18,15,0.545,1.04,-1.77,9,9,13,2,4,12,2584,2452,1330,854,1890,0.452,330,835,0.395,546,698,0.782,297,1099,461,191,74,373,513,69.2,112.3,0.369,0.442,0.582,49.4,54,8.3,6.2,0.539,14.4,27.2,0.289
157,LSU,32,26,6,0.813,17.24,8.9,16,2,15,2,9,1,2604,2337,1315,912,1974,0.462,219,677,0.323,561,744,0.754,431,1241,420,291,138,422,597,70.5,112.3,0.377,0.343,0.559,53.5,46.1,12.6,12,0.517,15.3,37.3,0.284
158,Louisiana Tech,33,20,13,0.606,1.27,-1.99,9,9,15,1,4,10,2386,2235,1335,840,1928,0.436,253,756,0.335,453,690,0.657,368,1204,440,190,115,386,535,68,105.2,0.358,0.392,0.529,50.6,52.4,8.4,10,0.501,14.6,30.2,0.235
159,Louisville NCAA,33,20,13,0.606,18.45,11.72,10,8,14,4,5,6,2460,2238,1340,828,1908,0.434,285,834,0.342,519,670,0.775,338,1262,442,147,97,407,569,68.5,107.1,0.351,0.437,0.552,52.5,53.4,6.4,7.9,0.509,15.5,29.2,0.272
160,Loyola (IL),34,20,14,0.588,4.21,0.06,12,6,13,4,5,6,2231,2066,1360,831,1688,0.492,206,564,0.365,363,545,0.666,190,1013,468,221,78,407,470,63.7,103,0.323,0.334,0.573,50.5,56.3,10.2,7.3,0.553,17.3,19.8,0.215
161,Loyola Marymount,31,20,11,0.645,3.09,1.19,8,8,11,4,7,6,2094,1951,1240,744,1627,0.457,146,460,0.317,460,618,0.744,291,1005,413,224,93,396,556,65.3,103.5,0.38,0.283,0.545,52.6,55.5,11.1,10.4,0.502,17.1,30.6,0.283
162,Loyola (MD),32,11,21,0.344,-8.95,-4.42,7,11,7,5,3,16,2332,2477,1295,842,1836,0.459,210,616,0.341,438,617,0.71,292,997,448,278,73,444,573,70.4,102.4,0.336,0.336,0.548,48.3,53.2,12.2,6.2,0.516,17.3,27.3,0.239
163,Maine,32,5,27,0.156,-14.89,-3.99,3,13,3,9,2,18,1988,2271,1310,747,1728,0.432,201,647,0.311,293,452,0.648,280,1015,471,239,93,460,566,64.6,94,0.262,0.374,0.512,48.8,63.1,11.3,10.7,0.49,19.1,26.2,0.17
164,Manhattan,32,11,21,0.344,-12.79,-7.22,8,10,4,9,4,11,1833,2011,1285,651,1606,0.405,219,659,0.332,312,534,0.584,326,1026,360,220,75,487,672,62.7,91,0.333,0.41,0.493,49,55.3,10.9,8.6,0.474,20.8,29.5,0.194
165,Marist,31,12,19,0.387,-9.36,-7.4,7,11,4,7,6,11,2086,2147,1250,739,1647,0.449,245,675,0.363,363,530,0.685,241,967,377,172,53,387,583,65.6,101.8,0.322,0.41,0.549,48.8,51,8.4,6.2,0.523,16.9,24.2,0.22
166,Marquette NCAA,33,24,9,0.727,16.11,7.48,12,6,16,3,6,4,2565,2280,1335,869,1895,0.459,311,791,0.393,516,680,0.759,317,1249,450,159,141,455,615,70.6,108.9,0.359,0.417,0.578,53.1,51.8,6.8,11.2,0.541,17,29.1,0.272
167,Marshall,34,20,14,0.588,-1.16,0.02,11,7,12,3,6,10,2725,2765,1375,957,2172,0.441,340,984,0.346,471,651,0.724,296,1124,490,313,146,425,621,76.1,104.2,0.3,0.453,0.549,44.1,51.2,12,10.6,0.519,14.6,22.5,0.217
168,Maryland-Baltimore County,34,21,13,0.618,-5.65,-5.65,11,5,13,4,6,8,2296,2177,1400,820,1893,0.433,261,807,0.323,395,572,0.691,296,1145,452,268,83,428,578,65.8,99.7,0.302,0.426,0.53,50.3,55.1,11.6,9.2,0.502,16.5,25.5,0.209
169,Maryland-Eastern Shore,32,7,25,0.219,-24.07,-7.77,5,11,5,7,2,17,1833,2291,1285,666,1705,0.391,172,610,0.282,329,489,0.673,264,990,361,186,70,431,575,65.5,87.1,0.287,0.358,0.473,45.5,54.2,8.8,7.3,0.441,18.2,23.5,0.193
170,Maryland NCAA,32,22,10,0.688,16.71,10.43,13,7,15,3,6,5,2283,2082,1280,807,1777,0.454,232,657,0.353,437,584,0.748,351,1252,423,139,151,420,495,66.3,107.6,0.329,0.37,0.556,56.1,52.4,6.6,13.3,0.519,17,33.9,0.246
171,Massachusetts-Lowell,32,15,17,0.469,-8.07,-6.73,7,9,8,5,5,12,2456,2420,1290,875,1852,0.472,246,721,0.341,460,639,0.72,293,1115,500,181,85,447,589,71.9,106,0.345,0.389,0.57,49.8,57.1,7.8,6.8,0.539,17.2,27.2,0.248
172,Massachusetts,32,11,21,0.344,-2.81,0.04,4,14,9,8,1,11,2263,2354,1290,808,1833,0.441,256,732,0.35,391,574,0.681,342,1122,469,154,93,445,643,68.4,102.6,0.313,0.399,0.537,52,58,7,8,0.511,17.4,31.3,0.213
173,McNeese State,31,9,22,0.29,-14.12,-5.86,5,13,7,8,2,14,2149,2303,1245,760,1675,0.454,168,547,0.307,461,647,0.713,310,1054,429,146,97,450,467,68.4,100.9,0.386,0.327,0.542,50.6,56.4,6.9,8.8,0.504,18.5,30.4,0.275
174,Memphis,35,22,13,0.629,10.84,4.73,11,7,16,2,3,7,2815,2601,1410,986,2180,0.452,256,791,0.324,587,823,0.713,430,1332,541,279,141,523,716,75.5,105.7,0.378,0.363,0.547,51.5,54.9,10.5,11.1,0.511,16.9,33.4,0.269
175,Mercer,31,11,20,0.355,-2.49,0.13,6,12,9,6,2,12,2248,2246,1245,787,1746,0.451,228,663,0.344,446,648,0.688,307,1058,393,207,80,407,557,69.1,104.5,0.371,0.38,0.547,49.2,49.9,9.6,8.5,0.516,16.5,29.1,0.255
176,Miami (FL),32,14,18,0.438,10.01,9.32,5,13,11,5,0,10,2297,2275,1285,805,1849,0.435,268,805,0.333,419,570,0.735,291,1060,413,212,100,372,465,68.5,104.4,0.308,0.435,0.542,47.7,51.3,9.6,8.7,0.508,14.9,25.8,0.227
177,Miami (OH),32,15,17,0.469,1.08,2.62,7,11,10,5,4,10,2267,2233,1285,777,1846,0.421,269,831,0.324,444,626,0.709,353,1190,349,193,88,413,581,68.8,102.6,0.339,0.45,0.529,52,44.9,8.7,8.2,0.494,16.2,29.8,0.241
178,Michigan State NCAA,34,28,6,0.824,25.57,12.27,16,4,15,1,8,4,2680,2228,1370,944,1944,0.486,282,735,0.384,510,680,0.75,366,1390,645,178,186,437,575,68.5,114.3,0.35,0.378,0.591,56.1,68.3,7.6,14.1,0.558,16.2,33.9,0.262
179,Michigan NCAA,34,28,6,0.824,22.66,10.83,15,5,17,1,7,4,2393,1991,1360,876,1945,0.45,274,782,0.35,367,526,0.698,277,1191,475,209,143,298,477,65.4,107.6,0.27,0.402,0.545,50.2,54.2,9.4,10.6,0.521,12,24,0.189
180,Middle Tennessee,32,11,21,0.344,-5.75,1.79,8,10,9,5,2,11,2141,2313,1280,778,1858,0.419,212,650,0.326,373,551,0.677,382,1228,353,190,85,512,582,70.3,95.2,0.297,0.35,0.505,52.3,45.4,8.5,7.6,0.476,19.5,32.1,0.201
181,Milwaukee,31,9,22,0.29,-8.8,-2.4,4,14,6,8,3,12,2146,2315,1245,765,1820,0.42,237,692,0.342,379,508,0.746,288,1095,355,145,94,382,579,68.9,100,0.279,0.38,0.521,49.3,46.4,6.8,9.4,0.485,15.6,26,0.208
182,Minnesota NCAA,34,21,13,0.618,12.77,11.16,9,11,14,3,2,9,2407,2352,1365,840,1922,0.437,178,554,0.321,549,808,0.679,388,1260,504,163,136,407,550,68,103.7,0.42,0.288,0.522,51.8,60,7,10.3,0.483,15,31.7,0.286
183,Mississippi State NCAA,33,23,10,0.697,16.76,9.54,10,8,14,3,5,5,2552,2314,1330,911,1929,0.472,284,752,0.378,446,624,0.715,385,1183,468,267,164,439,564,68.5,112,0.323,0.39,0.573,52.8,51.4,11.7,13.6,0.546,16.5,34.8,0.231
184,Mississippi Valley State,32,6,26,0.188,-22.47,-6.98,4,14,6,6,0,20,2058,2498,1285,730,1923,0.38,172,554,0.31,426,647,0.658,378,1165,361,176,70,415,570,70.6,90.7,0.336,0.288,0.461,47.6,49.5,7.8,5.8,0.424,15.7,28.9,0.222
185,Ole Miss,32,20,12,0.625,13.26,8.23,10,8,11,5,6,5,2413,2252,1285,847,1844,0.459,261,729,0.358,458,585,0.783,315,1098,459,234,116,405,579,69.2,108.5,0.317,0.395,0.569,51.1,54.2,10.5,9.8,0.53,16,30.4,0.248
186,Missouri-Kansas City,32,11,21,0.344,-6.26,-1.2,6,10,8,5,3,13,2220,2341,1290,774,1794,0.431,259,728,0.356,413,590,0.7,261,966,352,232,90,391,647,68.6,100.3,0.329,0.406,0.535,45.4,45.5,10.5,8,0.504,15.9,23.7,0.23
187,Missouri State,32,16,16,0.5,-1.01,-0.85,10,8,11,4,5,9,2206,2157,1285,774,1714,0.452,224,649,0.345,434,627,0.692,270,1000,354,221,127,385,540,66.5,103.2,0.366,0.379,0.548,49.7,45.7,10.3,12.1,0.517,16.1,26.1,0.253
188,Missouri,32,15,17,0.469,8.91,9.47,5,13,9,7,2,8,2150,2168,1290,758,1764,0.43,264,727,0.363,370,526,0.703,345,1130,354,149,53,448,625,66.1,100.9,0.298,0.412,0.534,52.9,46.7,7,5.2,0.505,18.2,31.9,0.21
189,Monmouth,35,14,21,0.4,-10.54,-4.72,10,8,6,6,5,11,2286,2490,1420,794,1915,0.415,168,565,0.297,530,772,0.687,360,1224,379,237,101,502,697,68.4,94.1,0.403,0.295,0.501,50,47.7,9.8,11.1,0.458,18,29.1,0.277
190,Montana State,32,15,17,0.469,-7.83,-5.74,11,9,9,4,4,12,2502,2552,1280,858,1882,0.456,306,818,0.374,480,651,0.737,292,1083,491,169,46,394,567,71.6,109.2,0.346,0.435,0.571,49.6,57.2,7.4,4.3,0.537,15.2,26.1,0.255
191,Montana NCAA,34,26,8,0.765,1.51,-5.84,16,4,12,2,9,5,2610,2323,1365,953,1919,0.497,282,738,0.382,422,612,0.69,286,1142,498,222,101,406,637,68.5,111.6,0.319,0.385,0.591,52,52.3,9.5,8.6,0.57,15.5,27,0.22
192,Morehead State,33,13,20,0.394,-7.72,-1.75,8,10,7,7,4,11,2431,2543,1335,855,1993,0.429,260,762,0.341,461,654,0.705,357,1177,440,186,137,402,561,70.6,103.2,0.328,0.382,0.528,48.8,51.5,7.9,10.8,0.494,14.9,29,0.231
193,Morgan State,30,9,21,0.3,-15.85,-10.49,4,12,6,7,2,13,2159,2304,1210,757,1919,0.394,168,521,0.322,477,669,0.713,397,1078,358,230,48,401,614,73.8,96.6,0.349,0.271,0.483,47.2,47.3,10.3,4.4,0.438,15.2,31.8,0.249
194,Mount St. Mary's,31,9,22,0.29,-14.22,-5.66,6,12,4,9,5,13,2092,2286,1240,733,1755,0.418,223,723,0.308,403,594,0.678,293,1036,354,146,107,410,576,69.5,97.1,0.338,0.412,0.513,47.4,48.3,6.8,9.7,0.481,16.8,26.4,0.23
195,Murray State NCAA,31,27,4,0.871,8.83,-4.38,16,2,15,1,10,3,2582,2101,1240,938,1890,0.496,242,695,0.348,464,629,0.738,333,1172,561,235,142,376,505,71.7,116.1,0.333,0.368,0.59,52.6,59.8,10.6,11.7,0.56,14.7,32,0.246
196,Navy,31,12,19,0.387,-9.96,-3.86,8,10,8,6,4,13,2061,2250,1240,732,1786,0.41,208,656,0.317,389,544,0.715,359,1160,399,167,58,437,534,68.3,97.3,0.305,0.367,0.504,52.4,54.5,7.9,5.7,0.468,17.6,31.5,0.218
197,Omaha,32,21,11,0.656,-2.21,-3.27,13,3,10,2,9,8,2523,2454,1290,950,1998,0.475,282,719,0.392,341,473,0.721,273,1047,409,180,61,304,486,70,111.7,0.237,0.36,0.568,49.2,43.1,8,5.7,0.546,12,24.9,0.171
198,Nebraska,34,18,16,0.529,15.86,11.74,6,14,12,5,2,9,2434,2257,1365,862,2016,0.428,258,762,0.339,452,650,0.695,354,1205,431,249,147,330,547,67.3,105.9,0.322,0.378,0.523,48.1,50,10.8,11.2,0.492,12.4,28.2,0.224
199,Nevada-Las Vegas,31,17,14,0.548,1.85,0.76,11,7,10,6,6,5,2276,2242,1250,791,1852,0.427,251,745,0.337,443,647,0.685,408,1204,399,184,115,401,556,69,105.5,0.349,0.402,0.527,53.3,50.4,8.5,9.6,0.495,15.7,35.1,0.239
200,Nevada NCAA,33,29,4,0.879,16.58,2.58,15,3,15,0,9,3,2662,2200,1320,905,1944,0.466,292,831,0.351,560,791,0.708,307,1234,494,204,129,338,563,71,113.7,0.407,0.427,0.574,51.7,54.6,8.7,11.1,0.541,12.7,26.5,0.288
201,New Hampshire,29,5,24,0.172,-18.48,-5.85,3,13,4,10,1,14,1742,1990,1160,623,1656,0.376,261,787,0.332,235,385,0.61,260,987,325,117,53,356,533,67.1,89.5,0.232,0.475,0.474,47.8,52.2,6,5.5,0.455,16.2,23.2,0.142
202,New Mexico State NCAA,34,30,4,0.882,10.11,-2.74,15,1,16,1,10,1,2657,2181,1365,937,2041,0.459,319,952,0.335,464,687,0.675,435,1304,501,191,89,403,607,68.3,114,0.337,0.466,0.561,57.1,53.5,8.2,8.1,0.537,14.5,36.8,0.227
203,New Mexico,32,14,18,0.438,-0.24,1.92,7,11,9,7,4,9,2443,2454,1280,814,1927,0.422,292,844,0.346,523,745,0.702,351,1200,446,220,107,455,627,74.5,102.5,0.387,0.438,0.536,50.2,54.8,9.2,8.4,0.498,16.6,28.7,0.271
204,New Orleans,32,19,13,0.594,-8.51,-6.23,12,6,12,3,5,9,2295,2230,1300,829,1859,0.446,182,533,0.341,455,662,0.687,378,1122,475,277,129,499,605,70.7,99.9,0.356,0.287,0.528,49.6,57.3,12.1,10.9,0.495,18.7,32.9,0.245
205,Niagara,32,13,19,0.406,-11.21,-7.65,6,12,8,8,5,10,2318,2432,1285,795,1887,0.421,265,738,0.359,463,629,0.736,315,1143,343,128,125,390,511,70.4,102.6,0.333,0.391,0.53,49.8,43.1,5.7,10.2,0.492,15.1,26.6,0.245
206,Nicholls State,31,14,17,0.452,-11.58,-6.69,7,11,9,4,3,13,2260,2302,1250,807,1914,0.422,324,883,0.367,322,418,0.77,280,1041,428,208,128,386,587,71.2,101.6,0.218,0.461,0.535,45.7,53,9.3,10.4,0.506,15.4,24.3,0.168
207,NJIT,34,22,12,0.647,-3.21,-4.73,8,8,11,4,11,8,2402,2319,1370,822,1837,0.447,241,690,0.349,517,718,0.72,241,1144,367,214,91,414,566,68.8,101.9,0.391,0.376,0.551,48.9,44.6,9.1,7.4,0.513,16,21.5,0.281
208,Norfolk State,34,21,13,0.618,-8.58,-9.8,14,2,11,2,8,7,2512,2348,1375,849,1935,0.439,263,713,0.369,551,771,0.715,331,1232,438,200,149,501,724,71.9,101.6,0.398,0.368,0.546,50.2,51.6,8.1,13.4,0.507,17.9,27.5,0.285
209,North Alabama,32,10,22,0.313,-10.86,-1.55,7,9,8,4,2,18,2145,2358,1285,744,1914,0.389,240,805,0.298,417,619,0.674,351,1170,334,209,74,435,615,71.1,93.9,0.323,0.421,0.486,49.4,44.9,9.2,6.5,0.451,16.5,27.5,0.218
210,North Carolina-Asheville,31,4,27,0.129,-19.88,-2.41,2,14,3,10,1,15,1857,2313,1245,655,1627,0.403,223,687,0.325,324,437,0.741,298,931,331,196,86,456,533,64.2,92.9,0.269,0.422,0.506,46.5,50.5,9.8,9,0.471,19.9,29.1,0.199
211,North Carolina A&T,32,19,13,0.594,-11.11,-9.74,13,3,11,2,7,10,2241,2209,1290,825,1797,0.459,227,649,0.35,364,548,0.664,291,1059,452,215,108,417,515,67.9,102.3,0.305,0.361,0.545,47.8,54.8,9.8,9.2,0.522,16.9,27.4,0.203
212,NCC,33,18,15,0.545,-11.56,-11.4,10,6,10,2,4,12,2355,2188,1325,850,1866,0.456,212,673,0.315,443,620,0.715,387,1227,509,207,92,506,590,68.6,103.6,0.332,0.361,0.545,54.7,59.9,9.1,7.6,0.512,19,35.1,0.237
213,North Carolina-Greensboro,35,29,6,0.829,4.73,-0.91,15,3,14,1,11,4,2669,2357,1405,972,2120,0.458,275,790,0.348,450,646,0.697,390,1224,444,309,136,415,613,69.8,108.9,0.305,0.373,0.55,51,45.7,12.6,11.6,0.523,14.6,31.7,0.212
214,North Carolina State,34,23,11,0.676,16.1,6.87,9,9,15,4,4,6,2711,2397,1370,997,2182,0.457,275,784,0.351,442,622,0.711,456,1316,514,245,128,430,654,71.7,110.3,0.285,0.359,0.547,53.1,51.6,10,10.1,0.52,14.8,35.7,0.203
215,North Carolina-Wilmington,33,10,23,0.303,-7.72,-1.65,5,13,5,9,2,12,2515,2670,1335,881,1988,0.443,260,744,0.349,493,673,0.733,387,1221,495,150,68,436,585,70.3,107.2,0.339,0.374,0.545,52.4,56.2,6.4,6,0.509,15.9,32.2,0.248
216,UNC,33,27,6,0.818,25.28,12.16,16,2,14,2,11,1,2840,2407,1325,1023,2207,0.464,289,792,0.365,505,681,0.742,433,1449,627,237,117,432,566,76.1,112.7,0.309,0.359,0.561,56.2,61.3,9.4,9.8,0.529,14.6,34.4,0.229
217,North Dakota State NCAA,33,18,15,0.545,-3.95,-2.5,9,7,10,3,4,9,2416,2382,1330,828,1816,0.456,315,861,0.366,445,575,0.774,218,1042,383,159,82,349,492,66.7,108.9,0.317,0.474,0.578,48.9,46.3,7.2,6.6,0.543,14.3,20.9,0.245
218,North Dakota,30,12,18,0.4,-8.56,-3.33,6,10,8,6,4,11,2220,2196,1200,822,1771,0.464,241,647,0.372,335,482,0.695,233,1009,398,171,87,380,485,71.5,103.5,0.272,0.365,0.555,48.9,48.4,8,7.3,0.532,16,22.6,0.189
219,North Florida,33,16,17,0.485,-3.36,-0.59,9,7,10,3,5,13,2485,2531,1325,902,2014,0.448,308,897,0.343,373,539,0.692,363,1252,520,212,165,536,573,74,101.3,0.268,0.445,0.547,49.8,57.6,8.6,10.8,0.524,19.1,30.3,0.185
220,North Texas,33,21,12,0.636,0.02,-3.21,8,10,12,4,6,7,2302,2077,1325,831,1910,0.435,284,838,0.339,356,532,0.669,368,1244,428,210,88,443,589,67.5,103,0.279,0.439,0.532,53.2,51.5,9.4,7.9,0.509,17,31.5,0.186
221,Northeastern NCAA,33,23,10,0.697,4.87,-0.95,14,4,11,2,8,6,2511,2319,1345,864,1791,0.482,322,830,0.388,461,614,0.751,230,1048,473,203,71,371,528,66.2,112.9,0.343,0.463,0.603,50.1,54.7,9.1,5.9,0.572,15.1,22.7,0.257
222,Northern Arizona,31,10,21,0.323,-10.7,-6.19,8,12,5,7,5,13,2262,2402,1250,785,1819,0.432,259,749,0.346,433,614,0.705,290,1055,381,196,67,372,537,70,103.4,0.338,0.412,0.536,48.6,48.5,9,6.5,0.503,15,25.7,0.238
223,Northern Colorado,32,21,11,0.656,-3.97,-6.8,15,5,10,3,11,5,2450,2229,1295,849,1834,0.463,307,847,0.362,445,632,0.704,309,1126,424,176,100,398,535,68.6,110.3,0.345,0.462,0.574,52.2,49.9,7.9,7.9,0.547,15.7,28.8,0.243
224,Northern Illinois,34,17,17,0.5,2.89,1.42,8,10,10,6,5,9,2506,2413,1375,940,1995,0.471,229,642,0.357,397,543,0.731,304,1179,374,188,75,404,653,68.4,106.5,0.272,0.322,0.556,50.9,39.8,8,7.2,0.529,15.2,26.6,0.199
225,Northern Iowa,34,16,18,0.471,-1.31,0.85,9,9,9,5,3,9,2215,2230,1360,769,1846,0.417,276,792,0.348,401,537,0.747,262,1113,370,165,75,393,554,65.8,99,0.291,0.429,0.527,50,48.1,7.4,6.7,0.491,15.8,23.1,0.217
226,Northern Kentucky NCAA,34,26,8,0.765,4.53,-3.22,13,5,17,1,7,7,2690,2338,1370,956,1986,0.481,301,823,0.366,477,717,0.665,358,1259,581,212,136,424,647,69.9,112.4,0.361,0.414,0.578,53.1,60.8,8.9,11.6,0.557,15.4,31,0.24
227,Northwestern State,31,11,20,0.355,-16.89,-5.82,6,12,8,7,3,13,2051,2280,1250,725,1789,0.405,190,646,0.294,411,604,0.68,352,1103,340,192,138,496,578,70.7,92.8,0.338,0.361,0.494,47.8,46.9,8.7,12.1,0.458,19.3,29.9,0.23
228,Northwestern,32,13,19,0.406,10.46,9.65,4,16,10,8,1,9,2108,2082,1290,735,1827,0.402,233,745,0.313,405,551,0.735,278,1086,451,176,134,349,583,66.8,97.8,0.302,0.408,0.505,48.4,61.4,8.2,11.1,0.466,14.3,24.3,0.222
229,Notre Dame,33,14,19,0.424,8.55,8.85,3,15,11,8,1,9,2266,2276,1320,776,1973,0.393,272,863,0.315,442,594,0.744,370,1208,423,179,148,306,455,66.4,103.3,0.301,0.437,0.502,48.4,54.5,8.2,11.7,0.462,11.9,29,0.224
230,Oakland,33,16,17,0.485,-2.18,-1.4,11,7,10,6,6,10,2534,2515,1325,864,1859,0.465,314,816,0.385,492,663,0.742,275,1063,581,191,99,426,534,69.9,109.4,0.357,0.439,0.583,47.4,67.2,8.2,7.8,0.549,16.4,25.2,0.265
231,Ohio State NCAA,33,19,14,0.576,14.42,10.99,8,12,12,6,4,7,2298,2185,1325,797,1824,0.437,249,726,0.343,455,620,0.734,310,1145,470,195,83,413,592,66.8,103.8,0.34,0.398,0.542,51,59,8.8,7.3,0.505,16.3,27.8,0.249
232,Ohio,31,14,17,0.452,-1.6,3.4,6,12,11,5,3,10,2174,2288,1255,803,1838,0.437,187,633,0.295,381,602,0.633,332,1152,451,200,115,448,504,71.5,96.9,0.328,0.344,0.512,50.9,56.2,8.9,10.1,0.488,17.4,29,0.207
233,Oklahoma State,32,12,20,0.375,8.01,11.45,5,13,8,7,2,10,2178,2288,1285,760,1796,0.423,280,753,0.372,378,549,0.689,295,1092,422,183,139,386,516,67.1,101,0.306,0.419,0.529,48.6,55.5,8.5,13.1,0.501,15.8,26.4,0.21
234,Oklahoma NCAA,32,19,13,0.594,14.7,11.76,7,11,11,4,5,7,2277,2183,1285,830,1864,0.445,212,620,0.342,405,586,0.691,295,1203,406,190,99,390,504,69.8,101.6,0.314,0.333,0.531,50.4,48.9,8.5,8.5,0.502,15.4,26.1,0.217
235,Old Dominion NCAA,34,26,8,0.765,3.96,-1.48,13,5,14,2,8,4,2252,2067,1360,806,1960,0.411,258,731,0.353,382,579,0.66,408,1324,435,190,155,399,560,65.5,101.2,0.295,0.373,0.504,53.4,54,8.5,14.1,0.477,15.1,32.3,0.195
236,Oral Roberts,32,11,21,0.344,-9.25,-1.82,7,9,7,6,3,13,2314,2483,1285,854,1874,0.456,266,734,0.362,340,492,0.691,335,1147,434,152,106,447,575,69.1,104.2,0.263,0.392,0.549,52.1,50.8,6.8,9.3,0.527,17.5,30.3,0.181
237,Oregon State,31,18,13,0.581,7.91,4.36,10,8,10,5,6,5,2275,2165,1250,800,1728,0.463,203,633,0.321,472,636,0.742,310,1091,465,185,164,384,536,67.2,108.3,0.368,0.366,0.56,51.7,58.1,8.8,14.9,0.522,15.9,30.6,0.273
238,Oregon NCAA,35,23,12,0.657,12.79,5.25,10,8,13,4,5,7,2467,2203,1410,886,1970,0.45,266,775,0.343,429,597,0.719,340,1211,467,272,149,412,622,65.9,106.2,0.303,0.393,0.547,51.4,52.7,11.7,14.6,0.517,15.5,29.6,0.218
239,Pacific,32,14,18,0.438,-2.2,2.23,4,12,9,7,5,10,2138,2241,1290,710,1680,0.423,198,564,0.351,520,696,0.747,285,1041,322,196,46,423,630,66.7,99.4,0.414,0.336,0.532,51.2,45.4,9.1,5,0.482,17.4,27,0.31
240,Penn State,32,14,18,0.438,13.05,12.02,7,13,9,6,3,9,2229,2196,1295,791,1898,0.417,222,693,0.32,425,613,0.693,382,1174,389,245,122,399,597,68.2,101,0.323,0.365,0.509,51.6,49.2,11.1,10.4,0.475,15.4,31.6,0.224
241,Pennsylvania,31,19,12,0.613,2.21,-0.59,7,7,10,4,8,5,2250,2117,1265,821,1810,0.454,282,803,0.351,326,510,0.639,270,1102,463,210,77,395,500,69.1,102.9,0.282,0.444,0.548,49.8,56.4,9.6,6.2,0.531,16.1,24.7,0.18
242,Pepperdine,34,16,18,0.471,1.1,0.82,6,10,9,5,2,11,2572,2529,1370,865,1949,0.444,313,819,0.382,529,696,0.76,290,1085,479,229,95,432,639,70.7,106.3,0.357,0.42,0.564,47.4,55.4,9.5,8.2,0.524,15.9,24.9,0.271
243,Pittsburgh,33,14,19,0.424,8.49,7.31,3,15,11,7,0,11,2306,2267,1330,769,1841,0.418,225,680,0.331,543,779,0.697,383,1209,387,227,126,448,610,68.6,101.1,0.423,0.369,0.521,49.9,50.3,10,11.1,0.479,16.8,32.1,0.295
244,Portland State,32,16,16,0.5,-8.96,-5.79,11,9,12,4,3,10,2475,2404,1290,856,2017,0.424,238,769,0.309,525,748,0.702,491,1282,434,264,129,449,681,72.2,106.3,0.371,0.381,0.522,54.7,50.7,11.3,11.4,0.483,15.9,38.8,0.26
245,Portland,32,7,25,0.219,-10.58,0.72,0,16,6,11,1,12,2078,2389,1290,707,1708,0.414,216,664,0.325,448,668,0.671,233,1032,369,175,123,425,588,68.4,94.2,0.391,0.389,0.513,46.3,52.2,7.9,11.1,0.477,17.3,21.1,0.262
246,Prairie View NCAA,35,22,13,0.629,-7.33,-9.21,17,1,11,0,9,12,2627,2547,1400,903,2062,0.438,225,703,0.32,596,875,0.681,393,1154,444,309,55,445,758,72.5,103.5,0.424,0.341,0.53,46.7,49.2,12.2,4.6,0.492,15.2,29.9,0.289
247,Presbyterian,33,18,15,0.545,-3.36,-5.5,9,7,12,3,6,11,2601,2389,1325,888,1971,0.451,361,945,0.382,464,637,0.728,307,1146,518,193,67,326,566,69.5,112.9,0.323,0.479,0.572,49.7,58.3,8.4,6.2,0.542,12.5,26.1,0.235
248,Princeton,28,16,12,0.571,-3.25,-0.71,8,6,7,5,8,6,1948,1951,1135,685,1666,0.411,207,679,0.305,371,502,0.739,272,1016,295,168,70,354,459,69.8,98.4,0.301,0.408,0.511,50.3,43.1,8.5,6.7,0.473,15.7,26.3,0.223
249,Providence,34,18,16,0.529,8.81,7.22,7,11,11,6,5,6,2428,2374,1385,835,1973,0.423,225,690,0.326,533,771,0.691,399,1241,491,253,136,445,600,68.8,101.9,0.391,0.35,0.519,51.1,58.8,10.6,11.3,0.48,16,31.6,0.27
250,Purdue NCAA,32,23,9,0.719,21.31,11.93,16,4,15,0,6,6,2438,2138,1290,857,1920,0.446,311,854,0.364,413,564,0.732,391,1180,462,208,129,341,558,66.3,113.9,0.294,0.445,0.557,53.8,53.9,9.7,13,0.527,13.5,34.9,0.215
251,Quinnipiac,31,16,15,0.516,-6.62,-7.88,11,7,7,7,9,6,2294,2255,1270,739,1730,0.427,348,923,0.377,468,646,0.724,311,1111,393,159,62,415,524,67.6,106.9,0.373,0.534,0.563,50.8,53.2,7.4,5.2,0.528,16.9,29.2,0.271
252,Radford,33,22,11,0.667,1.21,-2.02,12,4,11,3,9,7,2440,2247,1330,893,1937,0.461,285,750,0.38,369,515,0.717,335,1169,467,196,101,358,528,66.4,110.5,0.266,0.387,0.559,52.7,52.3,8.9,10.1,0.535,14.1,29.9,0.191
253,Rhode Island,33,18,15,0.545,3.09,1.45,9,9,9,5,5,7,2293,2239,1335,821,1914,0.429,172,615,0.28,479,704,0.68,375,1194,401,235,129,405,586,68.2,100.8,0.368,0.321,0.51,51.2,48.8,10.3,11.4,0.474,15.3,31.2,0.25
254,Rice,32,13,19,0.406,-6.34,-1.84,8,10,9,7,4,11,2367,2481,1305,795,1861,0.427,277,793,0.349,500,729,0.686,316,1221,424,171,103,438,568,71.7,101.2,0.392,0.426,0.536,51.3,53.3,7.3,8.5,0.502,16.6,26.5,0.269
255,Richmond,33,13,20,0.394,-1.19,-0.61,6,12,7,10,4,7,2314,2333,1320,849,1800,0.472,251,723,0.347,365,552,0.661,196,957,519,249,101,336,488,66.6,105.3,0.307,0.402,0.561,44.9,61.1,11.3,8.8,0.541,14,18.7,0.203
256,Rider,31,16,15,0.516,-4.86,-6.4,11,7,9,3,6,10,2381,2333,1245,847,1892,0.448,222,651,0.341,465,755,0.616,363,1144,450,282,101,415,591,74.1,103.2,0.399,0.344,0.529,50.4,53.1,12.2,10.1,0.506,15.6,30.3,0.246
257,Robert Morris,34,18,16,0.529,-9.07,-7.45,11,7,12,3,5,13,2378,2326,1380,834,1924,0.433,273,759,0.36,437,627,0.697,361,1142,470,249,89,500,668,68.2,101,0.326,0.394,0.535,50.5,56.4,10.6,8,0.504,18.4,30.4,0.227
258,Rutgers,31,14,17,0.452,9.43,10.3,7,13,10,7,4,9,2105,2132,1250,771,1842,0.419,191,612,0.312,372,584,0.637,391,1210,390,201,124,408,566,68.1,99,0.317,0.332,0.497,52.8,50.6,9.4,11.3,0.47,16.1,33.4,0.202
259,Sacramento State,31,15,16,0.484,-8.76,-6.76,8,12,9,5,4,10,2197,2155,1250,806,1800,0.448,175,527,0.332,410,592,0.693,308,1051,431,239,104,404,566,69.4,101.2,0.329,0.293,0.528,50,53.5,11,10,0.496,16.3,28.2,0.228
260,Sacred Heart,32,15,17,0.469,-7.51,-7.74,11,7,10,3,4,13,2558,2509,1285,885,1926,0.46,243,681,0.357,545,722,0.755,354,1230,471,170,132,465,572,74,107.6,0.375,0.354,0.564,53,53.2,7.2,10.7,0.523,17,31.3,0.283
261,Saint Francis (PA),33,18,15,0.545,-8.29,-5.77,12,6,12,4,6,10,2517,2508,1320,885,2034,0.435,254,724,0.351,493,698,0.706,430,1246,413,221,94,402,598,70.8,107.8,0.343,0.356,0.532,52,46.7,9.5,7.9,0.498,14.5,34.2,0.242
262,Saint Joseph's,33,14,19,0.424,-0.2,1.89,6,12,10,5,2,11,2328,2397,1325,793,1943,0.408,280,869,0.322,462,615,0.751,258,1140,397,186,110,305,497,68.8,102.2,0.317,0.447,0.521,48.2,50.1,8.2,10.1,0.48,12,21.5,0.238
263,Saint Louis NCAA,35,23,12,0.657,5.3,1.99,10,8,15,2,4,8,2347,2231,1400,836,1999,0.418,201,652,0.308,474,793,0.598,480,1392,454,248,142,446,611,67.1,100,0.397,0.326,0.494,54.5,54.3,10.6,12.1,0.468,15.8,35.8,0.237
264,Saint Mary's,33,22,11,0.667,12.92,4.38,11,5,14,3,5,5,2406,2124,1325,876,1850,0.474,245,648,0.378,409,549,0.745,324,1147,332,198,84,347,561,64.5,112.6,0.297,0.35,0.57,54.4,37.9,9.3,6.9,0.54,14.1,31.2,0.221
265,Saint Peter's,32,10,22,0.313,-12,-6.25,6,12,7,7,2,14,2012,2196,1305,707,1639,0.431,184,567,0.325,414,570,0.726,293,1031,301,172,177,488,614,64.3,95.9,0.348,0.346,0.527,50.9,42.6,8.2,17.7,0.487,20.4,29.2,0.253
266,Sam Houston State,32,21,11,0.656,-2.96,-6.16,16,2,12,2,8,8,2407,2225,1305,858,1946,0.441,302,819,0.369,389,514,0.757,359,1158,531,236,91,399,634,68.5,107.6,0.264,0.421,0.55,51.5,61.9,10.6,8.9,0.518,15.4,31.1,0.2
267,Samford,33,17,16,0.515,1,-1.72,6,12,11,6,5,9,2583,2487,1355,921,1951,0.472,254,687,0.37,487,666,0.731,316,1225,461,238,127,463,560,71.2,107.1,0.341,0.352,0.57,50.3,50.1,9.9,10.9,0.537,17,28.1,0.25
268,San Diego State,34,21,13,0.618,5.6,2.78,11,7,14,3,4,7,2437,2291,1360,845,1940,0.436,261,721,0.362,486,679,0.716,346,1228,487,197,113,424,638,68.9,104.1,0.35,0.372,0.539,51.2,57.6,8.4,10.1,0.503,15.8,29.4,0.251
269,San Diego,36,21,15,0.583,6.34,3.82,7,9,12,4,5,8,2591,2455,1460,914,2002,0.457,284,808,0.351,479,641,0.747,290,1238,516,204,112,466,667,68,104.4,0.32,0.404,0.562,51.9,56.5,8.2,8.4,0.527,16.8,24.7,0.239
270,San Francisco,31,21,10,0.677,8.77,1.34,9,7,13,3,6,5,2358,2101,1250,864,1852,0.467,258,728,0.354,372,568,0.655,340,1137,439,188,104,321,543,67.3,112.1,0.307,0.393,0.556,52.2,50.8,8.9,8.8,0.536,13.1,30.8,0.201
271,San Jose State,31,4,27,0.129,-16.09,0.88,1,17,4,11,0,12,2042,2534,1250,713,1765,0.404,210,641,0.328,406,620,0.655,323,1127,423,131,52,484,539,71.3,91.7,0.351,0.363,0.496,49.6,59.3,5.9,5.1,0.463,19,27.9,0.23
272,Santa Clara,31,16,15,0.516,-1.75,1.09,8,8,11,6,4,6,2115,2172,1255,735,1655,0.444,239,663,0.36,406,567,0.716,242,1026,416,146,111,433,597,67.4,100,0.343,0.401,0.55,49.3,56.6,6.9,9.5,0.516,18.4,24.3,0.245
273,Savannah State,31,11,20,0.355,-20.42,-8.96,8,8,6,5,4,14,2360,2694,1245,825,2080,0.397,351,1199,0.293,359,531,0.676,383,1188,462,234,96,478,564,78.1,97,0.255,0.576,0.506,46.2,56,9.6,7.9,0.481,17,28.2,0.173
274,Seattle,32,18,14,0.563,-1.03,-3.66,6,10,12,5,4,8,2352,2210,1290,827,1885,0.439,232,624,0.372,466,649,0.718,321,1176,368,140,115,390,640,69.8,104.5,0.344,0.331,0.536,52.1,44.5,6.2,9.3,0.5,15.1,29.2,0.247
275,Seton Hall NCAA,33,20,13,0.606,11.3,8.85,9,9,11,4,3,8,2440,2359,1335,863,1959,0.441,231,714,0.324,483,682,0.708,351,1181,447,231,129,410,619,70.1,104.3,0.348,0.364,0.534,49.9,51.8,9.9,11.2,0.499,15.2,29.5,0.247
276,Siena,33,17,16,0.515,-7.81,-6.38,11,7,7,7,8,7,2131,2178,1345,772,1779,0.434,288,850,0.339,299,440,0.68,248,973,413,189,93,321,462,61.4,103.2,0.247,0.478,0.536,46.8,53.5,9.2,8.3,0.515,13.9,23.2,0.168
277,South Alabama,34,17,17,0.5,-4.25,-2.5,8,10,13,6,3,10,2478,2465,1375,867,1884,0.46,285,761,0.375,459,669,0.686,288,1094,471,201,141,456,649,68.9,104.6,0.355,0.404,0.563,47.6,54.3,8.5,11.5,0.536,17.2,25.6,0.244
278,South Carolina State,34,8,26,0.235,-16.78,-8.21,5,11,5,6,2,19,2388,2593,1375,811,1889,0.429,193,580,0.333,573,772,0.742,376,1138,386,167,60,493,670,69.2,100.3,0.409,0.307,0.529,50.6,47.6,7,5.4,0.48,17.9,32.2,0.303
279,South Carolina Upstate,32,6,26,0.188,-15.34,-4.3,1,16,5,9,1,15,2169,2395,1290,775,1874,0.414,269,819,0.328,350,491,0.713,305,1050,434,207,94,440,621,69.4,96.9,0.262,0.437,0.515,46.7,56,9.2,8.1,0.485,17.3,26.2,0.187
280,South Carolina,32,16,16,0.5,8.69,9.98,11,7,11,6,4,8,2327,2316,1285,806,1907,0.423,242,662,0.366,473,694,0.682,383,1160,413,202,140,433,622,71.2,101.7,0.364,0.347,0.52,49.9,51.2,8.8,12.7,0.486,16.2,32,0.248
281,South Dakota State,33,24,9,0.727,6.05,-4.6,14,2,14,1,7,5,2789,2425,1320,984,1965,0.501,327,802,0.408,494,635,0.778,251,1259,489,202,65,388,557,72.8,116.1,0.323,0.408,0.615,53.3,49.7,8.4,6,0.584,14.6,23.7,0.251
282,South Dakota,30,13,17,0.433,-5.35,-2.89,7,9,8,6,4,8,2118,2136,1205,729,1663,0.438,227,665,0.341,433,585,0.74,219,942,382,165,68,324,527,68.1,103.3,0.352,0.4,0.546,47.9,52.4,8,6.4,0.507,14.3,22,0.26
283,South Florida,32,19,13,0.594,5.31,1.22,8,10,14,5,4,6,2312,2144,1305,761,1774,0.429,221,677,0.326,569,887,0.641,444,1246,441,252,103,513,676,69.1,102.5,0.5,0.382,0.527,55.2,58,11.2,9.9,0.491,18.9,37.8,0.321
284,Southeast Missouri State,31,10,21,0.323,-11.22,-4.29,5,13,6,8,2,13,2216,2378,1265,796,1809,0.44,266,719,0.37,358,519,0.69,284,1081,402,182,75,447,615,70.2,99.8,0.287,0.397,0.539,48.8,50.5,8.2,6.9,0.514,17.9,25.7,0.198
285,Southeastern Louisiana,33,17,16,0.515,-7.34,-6.05,12,6,9,5,7,9,2224,2228,1320,765,1735,0.441,235,696,0.338,459,640,0.717,346,1117,452,215,80,536,602,67.6,99.6,0.369,0.401,0.545,52.2,59.1,9.6,7.1,0.509,20.8,32.5,0.265
286,Southern California,33,16,17,0.485,8.19,4.92,8,10,12,5,2,9,2518,2410,1340,937,2039,0.46,281,735,0.382,363,563,0.645,324,1188,536,202,117,392,590,71,105.8,0.276,0.36,0.546,48.7,57.2,8.5,9.4,0.528,14.5,26.9,0.178
287,SIU Edwardsville,31,10,21,0.323,-14.38,-4.96,6,12,7,8,2,11,2265,2520,1280,794,1898,0.418,201,665,0.302,476,677,0.703,351,1079,382,198,70,438,612,71.9,98.4,0.357,0.35,0.51,48.2,48.1,8.6,6.1,0.471,16.5,28.7,0.251
288,Southern Illinois,32,17,15,0.531,1.57,0.01,10,8,9,6,7,7,2194,2144,1280,802,1720,0.466,213,570,0.374,377,550,0.685,289,1081,438,212,129,447,474,66.8,102.7,0.32,0.331,0.554,50.8,54.6,9.9,11.7,0.528,18.4,28.6,0.219
289,Southern Methodist,32,15,17,0.469,5.66,3.98,6,12,10,8,3,7,2303,2249,1280,833,1884,0.442,263,772,0.341,374,523,0.715,365,1135,441,189,123,350,515,66.5,108.2,0.278,0.41,0.54,50.8,52.9,8.9,11.3,0.512,14.1,32.6,0.199
290,Southern Mississippi,32,20,12,0.625,3.96,-0.36,11,7,11,3,7,6,2324,2070,1290,876,1875,0.467,265,683,0.388,307,469,0.655,271,1151,540,248,109,338,496,67.4,106.9,0.25,0.364,0.554,50.2,61.6,11.4,11.1,0.538,13.9,24.7,0.164
291,Southern Utah,32,16,16,0.5,-9.47,-6.47,9,11,10,3,4,12,2426,2423,1295,838,1887,0.444,260,752,0.346,490,686,0.714,268,1163,404,192,103,438,660,73.4,102.1,0.364,0.399,0.548,50,48.2,8.1,8.9,0.513,16.5,23.5,0.26
292,Southern,32,7,25,0.219,-16.79,-7.38,6,12,6,5,1,18,2077,2360,1285,752,1711,0.44,180,544,0.331,393,588,0.668,313,980,372,216,86,511,716,68.4,94.6,0.344,0.318,0.522,47.9,49.5,9.8,8.1,0.492,20.4,29.4,0.23
293,St. Bonaventure,34,18,16,0.529,3.61,0.52,12,6,9,5,6,7,2250,2145,1385,821,1914,0.429,208,635,0.328,400,539,0.742,333,1183,417,199,164,421,553,65.1,99.8,0.282,0.332,0.518,50.6,50.8,8.8,15.4,0.483,16.2,28.9,0.209
294,St. Francis (NY),32,17,15,0.531,-9.79,-8.29,9,9,11,3,6,11,2273,2239,1285,814,1926,0.423,259,777,0.333,386,570,0.677,338,1163,369,189,129,403,613,70.5,100.3,0.296,0.403,0.517,49.3,45.3,8.3,10.4,0.49,15.5,27.6,0.2
295,St. Johns,33,21,12,0.636,8.71,5.99,8,10,11,4,4,7,2558,2468,1335,922,2031,0.454,281,778,0.361,433,597,0.725,252,1076,463,290,110,341,628,72.4,105.9,0.294,0.383,0.553,45.7,50.2,12,10,0.523,12.8,21.3,0.213
296,Stanford,31,15,16,0.484,6.16,5.26,8,10,10,4,4,9,2255,2227,1245,808,1782,0.453,207,652,0.317,432,643,0.672,322,1148,392,186,148,467,586,71.8,100.8,0.361,0.366,0.54,51.4,48.5,8.3,10.8,0.512,18.3,29.8,0.242
297,Stephen F. Austin,30,14,16,0.467,-10.71,-5.63,7,11,10,6,3,9,2105,2161,1210,745,1696,0.439,201,588,0.342,414,607,0.682,313,1008,348,192,113,442,579,69.8,99.7,0.358,0.347,0.53,49,46.7,9.1,11.9,0.499,18.2,30.3,0.244
298,Stetson,31,7,24,0.226,-15.01,-3.46,3,13,7,8,0,16,2151,2429,1245,794,1962,0.405,215,684,0.314,348,503,0.692,359,1110,418,210,94,394,536,71.6,96.5,0.256,0.349,0.489,47.8,52.6,9.4,8.5,0.459,15.2,29,0.177
299,Stony Brook,32,24,8,0.75,-2.1,-6.71,12,4,10,4,13,3,2285,2106,1290,790,1872,0.422,224,687,0.326,481,671,0.717,401,1303,358,199,132,458,601,69.6,101.8,0.358,0.367,0.522,54.2,45.3,8.9,12.5,0.482,17.3,33.9,0.257
300,Syracuse NCAA,33,20,13,0.606,14.61,10.58,10,8,13,6,6,4,2301,2168,1325,787,1855,0.424,262,794,0.33,465,683,0.681,356,1146,396,273,158,410,576,67.3,103.2,0.368,0.428,0.528,48.4,50.3,12.2,16.7,0.495,15.8,30.1,0.251
301,Temple NCAA,33,23,10,0.697,8.08,4.84,13,5,13,2,8,5,2465,2358,1340,873,1998,0.437,247,748,0.33,472,649,0.727,316,1136,476,284,73,368,580,70.5,104.4,0.325,0.374,0.534,48.2,54.5,12,6.2,0.499,13.8,26.1,0.236
302,Tennessee-Martin,31,12,19,0.387,-10.84,-4.22,6,12,10,4,1,14,2356,2486,1250,854,1915,0.446,250,726,0.344,398,528,0.754,351,1062,441,223,88,418,490,71.2,105.9,0.276,0.379,0.544,48.6,51.6,10,7.9,0.511,16.2,31.3,0.208
303,Tennessee State,30,9,21,0.3,-11.53,-3.06,6,12,6,7,3,14,2182,2332,1210,751,1739,0.432,240,716,0.335,440,628,0.701,317,1032,342,219,78,497,735,73.1,98.6,0.361,0.412,0.536,50,45.5,9.9,7.5,0.501,19.6,29.3,0.253
304,Tennessee Tech,31,8,23,0.258,-14.6,-2.84,4,14,5,10,3,13,2104,2350,1250,742,1784,0.416,213,620,0.344,407,645,0.631,330,1122,389,226,134,517,554,72.9,92.4,0.362,0.348,0.503,48.3,52.4,9.9,11.1,0.476,19.8,28.4,0.228
305,Tennessee NCAA,34,29,5,0.853,22.51,10.32,15,3,18,0,7,3,2781,2334,1375,1014,2039,0.497,233,644,0.362,520,682,0.762,347,1277,619,203,184,380,593,69.6,116.3,0.334,0.316,0.588,52.4,61,8.5,15.2,0.554,13.9,31.3,0.255
306,Texas A&M-Corpus Christi,32,14,18,0.438,-8.74,-5.31,9,9,9,7,5,9,2126,2124,1290,774,1803,0.429,202,621,0.325,376,541,0.695,349,1159,423,197,90,456,610,67.3,97.9,0.3,0.344,0.516,52.6,54.7,9.1,9,0.485,18.1,31.4,0.209
307,Texas A&M,32,14,18,0.438,7.53,8.91,6,12,9,8,3,7,2253,2297,1280,806,1842,0.438,204,663,0.308,437,631,0.693,372,1195,376,215,142,444,521,69.4,101.4,0.343,0.36,0.526,50.7,46.7,9.7,12.7,0.493,17.2,32.7,0.237
308,Texas-Arlington,33,17,16,0.515,-0.25,1.1,12,6,9,5,7,10,2284,2303,1345,781,1908,0.409,234,773,0.303,488,659,0.741,372,1237,421,211,97,467,630,69,98.5,0.345,0.405,0.514,51.6,53.9,9.1,8.3,0.471,17.4,31,0.256
309,Texas Christian,33,20,13,0.606,13.34,9.46,7,11,12,5,3,7,2445,2317,1340,886,1936,0.458,254,722,0.352,419,611,0.686,354,1197,535,233,145,454,531,69.6,104.9,0.316,0.373,0.549,51.7,60.4,10,11.5,0.523,16.9,31.2,0.216
310,Texas-El Paso,29,8,21,0.276,-7.92,-1.4,3,15,8,8,0,13,1859,2001,1170,638,1592,0.401,199,621,0.32,384,580,0.662,285,1070,306,135,83,466,551,70,90.7,0.364,0.39,0.498,50.4,48,6.6,7.8,0.463,20,27.2,0.241
311,Texas-Rio Grande Valley,35,19,16,0.543,-1.25,-1.04,9,7,10,8,8,7,2475,2456,1410,836,2006,0.417,187,590,0.317,616,885,0.696,343,1154,461,327,95,449,734,71.5,98.1,0.441,0.294,0.51,45.9,55.1,13,7.7,0.463,15.6,26.3,0.307
312,Texas-San Antonio,32,17,15,0.531,1.03,0.39,11,7,11,4,5,7,2481,2407,1295,896,2068,0.433,294,855,0.344,395,536,0.737,323,1216,420,213,82,402,581,74,103.5,0.259,0.413,0.534,49.2,46.9,8.9,6.9,0.504,14.8,25.8,0.191
313,Texas Southern,34,21,13,0.618,-6.51,-7.51,14,4,10,2,10,10,2719,2645,1365,942,2095,0.45,248,771,0.322,587,881,0.666,421,1333,517,271,99,520,609,76.2,104.6,0.421,0.368,0.541,50.8,54.9,10.4,7.2,0.509,17.1,32,0.28
314,Texas State,33,24,9,0.727,2.18,-2.69,12,6,11,3,10,5,2389,2117,1330,846,1905,0.444,238,723,0.329,459,673,0.682,395,1249,481,227,82,440,647,68.3,105.2,0.353,0.38,0.537,54.3,56.9,10,7.8,0.507,16.5,33.6,0.241
315,Texas Tech NCAA,32,26,6,0.813,21.41,7.6,14,4,17,1,6,3,2339,1897,1285,837,1774,0.472,232,630,0.368,433,595,0.728,282,1092,429,232,157,396,567,67.7,107.5,0.335,0.355,0.569,51.5,51.3,10.7,15.3,0.537,16.1,28.5,0.244
316,Texas,33,17,16,0.515,15.38,11.56,8,10,12,6,2,8,2343,2217,1330,826,1904,0.434,287,837,0.343,404,572,0.706,327,1115,422,201,137,362,558,66.2,106.5,0.3,0.44,0.538,49.2,51.1,9.1,11.6,0.509,14.3,28.8,0.212
317,Toledo,32,25,7,0.781,8.89,0.69,13,5,14,2,8,4,2473,2178,1290,878,1931,0.455,316,832,0.38,401,520,0.771,322,1249,526,165,146,393,502,69.8,109.9,0.269,0.431,0.568,53,59.9,7.3,11.4,0.537,15.3,28.7,0.208
318,Towson,32,10,22,0.313,-8.09,-3.22,6,12,5,8,4,8,2170,2294,1310,810,1860,0.435,180,550,0.327,370,531,0.697,389,1183,318,154,94,390,562,64.5,102.7,0.285,0.296,0.514,53.6,39.3,7.3,9.7,0.484,15.6,34.6,0.199
319,Troy,30,12,18,0.4,-5.86,-0.75,5,13,8,8,4,10,2179,2242,1210,773,1719,0.45,236,704,0.335,397,550,0.722,277,1021,392,171,135,408,523,69.6,103.6,0.32,0.41,0.55,48.8,50.7,8.1,12.3,0.518,17.1,27,0.231
320,Tulane,31,4,27,0.129,-6.87,3.49,0,18,3,12,0,11,2082,2403,1240,733,1784,0.411,213,670,0.318,403,585,0.689,298,1130,444,147,109,467,535,72,93.3,0.328,0.376,0.505,48.6,60.6,6.6,9.1,0.471,18.5,26.2,0.226
321,Tulsa,32,18,14,0.563,4.55,3.77,8,10,14,3,3,8,2296,2271,1290,776,1732,0.448,222,652,0.34,522,751,0.695,239,1119,430,176,76,404,529,69.9,101.9,0.434,0.376,0.55,48.6,55.4,7.8,7,0.512,16.2,22.4,0.301
322,UCLA,33,17,16,0.515,7.27,6.87,9,9,13,5,3,7,2580,2567,1335,919,2012,0.457,256,721,0.355,486,768,0.633,380,1361,472,194,135,467,563,73.7,105,0.382,0.358,0.543,52.8,51.4,7.9,10.6,0.52,16.4,30.8,0.242
323,Utah State NCAA,34,28,6,0.824,12.74,0.8,15,3,14,1,9,4,2692,2271,1370,940,1983,0.474,267,752,0.355,543,727,0.747,366,1368,583,211,142,428,632,70,112.4,0.367,0.379,0.578,56.3,62,8.8,12.1,0.541,15.5,32,0.274
324,Utah Valley,34,25,9,0.735,3.52,-2.23,12,4,13,1,8,7,2640,2408,1360,906,1868,0.485,277,719,0.385,551,757,0.728,301,1227,462,195,84,467,600,70.4,110.3,0.405,0.385,0.593,53,51,8.1,6.5,0.559,17.3,27.9,0.295
325,Utah,31,17,14,0.548,6.19,5.16,11,7,10,5,6,5,2343,2311,1245,805,1735,0.464,298,806,0.37,435,616,0.706,317,1096,440,144,80,409,549,67.9,110.9,0.355,0.465,0.578,52.3,54.7,6.8,7,0.55,16.8,30.7,0.251
326,Valparaiso,33,15,18,0.455,-3.16,-0.78,7,11,8,7,5,8,2205,2187,1335,802,1783,0.45,185,585,0.316,416,595,0.699,294,1115,431,202,101,439,546,66.4,99.5,0.334,0.328,0.534,50.8,53.7,9.1,8.6,0.502,17.5,27,0.233
327,Vanderbilt,32,9,23,0.281,3.91,8.12,0,18,8,10,1,10,2180,2315,1285,736,1750,0.421,230,739,0.311,478,710,0.673,325,1139,371,154,126,454,568,68.9,98.5,0.406,0.422,0.522,50.1,50.4,7,10.4,0.486,17.9,28.9,0.273
328,Vermont NCAA,33,27,6,0.818,4.88,-4.69,14,2,16,2,11,4,2439,2067,1330,841,1834,0.459,257,729,0.353,500,665,0.752,300,1161,390,186,133,361,541,66.3,110.6,0.363,0.397,0.567,53.5,46.4,8.4,12.1,0.529,14.4,27.8,0.273
329,Villanova NCAA,34,25,9,0.735,15.32,7.94,13,5,13,2,5,6,2532,2281,1375,840,1912,0.439,361,1023,0.353,491,675,0.727,357,1200,485,184,103,371,558,65.2,112.9,0.353,0.535,0.567,51.9,57.7,8.2,8.9,0.534,14.2,31.1,0.257
330,VCU,32,25,7,0.781,12.52,2.68,16,2,16,1,8,4,2286,1971,1290,801,1811,0.442,229,745,0.307,455,652,0.698,347,1174,444,255,145,446,634,69,102.7,0.36,0.411,0.539,51,55.4,11.5,12.3,0.506,17.4,31.3,0.251
331,VMI,32,11,21,0.344,-10.23,0.36,4,14,8,7,2,13,2433,2617,1290,843,1973,0.427,323,898,0.36,424,581,0.73,280,1110,442,217,61,390,541,73.5,102.6,0.294,0.455,0.541,47.2,52.4,9.2,5.1,0.509,14.8,23,0.215
332,Virginia Tech NCAA,32,24,8,0.75,19.85,7.94,12,6,14,2,5,5,2368,1987,1290,824,1732,0.476,307,779,0.394,413,545,0.758,285,1043,491,213,74,363,489,64.3,114.2,0.315,0.45,0.595,52.1,59.6,10.3,8.7,0.564,15.4,29.7,0.238
333,Virginia NCAA,32,29,3,0.906,26.62,9.84,16,2,15,1,10,1,2299,1762,1285,820,1715,0.478,271,662,0.409,388,520,0.746,284,1112,464,180,122,289,469,61.1,117.1,0.303,0.386,0.586,53.8,56.6,9.2,12.3,0.557,12.8,29.9,0.226
334,Wagner,30,13,17,0.433,-12.62,-7.26,8,10,7,7,6,10,1974,2044,1205,655,1696,0.386,236,773,0.305,428,575,0.744,378,1095,351,184,108,414,639,66.4,98.7,0.339,0.456,0.501,52,53.6,9.2,12,0.456,17.4,33.9,0.252
335,Wake Forest,31,11,20,0.355,1.84,9.09,4,14,8,8,1,10,2119,2344,1250,714,1812,0.394,197,640,0.308,494,681,0.725,399,1174,329,150,77,417,555,68.8,98.6,0.376,0.353,0.496,52.2,46.1,7,7.2,0.448,16.3,33.7,0.273
336,Washington State,32,11,21,0.344,-1.68,2.2,4,14,9,7,2,8,2393,2517,1280,833,1861,0.448,301,828,0.364,426,564,0.755,276,1076,476,165,93,440,554,71.7,104.4,0.303,0.445,0.562,48.3,57.1,7.2,8.1,0.528,17.1,25.2,0.229
337,Washington NCAA,34,26,8,0.765,11.85,6.41,15,3,15,1,7,4,2374,2189,1365,835,1845,0.453,254,734,0.346,450,648,0.694,322,1076,397,305,193,452,625,67.1,103.6,0.351,0.398,0.551,48.1,47.5,13.3,16.2,0.521,17.4,29.5,0.244
338,Weber State,33,18,15,0.545,-4.29,-6.03,11,9,10,5,5,7,2617,2454,1330,920,1934,0.476,249,684,0.364,528,708,0.746,220,1177,382,180,140,382,608,73.4,107.2,0.366,0.354,0.576,49,41.5,7.4,10,0.54,14.4,19.8,0.273
339,West Virginia,34,14,20,0.412,7.2,10.94,4,14,10,6,0,10,2487,2614,1380,841,2034,0.413,253,798,0.317,552,808,0.683,489,1338,454,210,118,535,684,71.4,101,0.397,0.392,0.514,53.1,54,8.5,9.3,0.476,18.1,36.7,0.271
340,Western Carolina,32,7,25,0.219,-8.92,0.69,4,14,4,8,3,14,2304,2563,1295,792,1744,0.454,296,800,0.37,424,628,0.675,303,1135,389,135,53,577,671,71.3,99.8,0.36,0.459,0.564,52.4,49.1,5.8,4.6,0.539,22,28.7,0.243
341,Western Illinois,31,10,21,0.323,-9.87,-5.01,4,12,7,6,2,14,2198,2272,1245,818,1859,0.44,241,626,0.385,321,440,0.73,254,1100,319,165,132,353,488,69.5,101.6,0.237,0.337,0.531,48.9,39,7.6,11.4,0.505,14.6,22.7,0.173
342,Western Kentucky,34,20,14,0.588,3.45,1.27,11,7,10,4,6,8,2429,2355,1380,853,1910,0.447,199,608,0.327,524,724,0.724,338,1256,417,235,174,466,527,69,102.1,0.379,0.318,0.539,51.6,48.9,9.9,14.4,0.499,17.1,29,0.274
343,Western Michigan,32,8,24,0.25,-5.89,1.85,2,16,5,9,2,14,2246,2439,1300,774,1822,0.425,228,723,0.315,470,681,0.69,345,1197,373,147,78,490,564,70.2,98.5,0.374,0.397,0.523,51.5,48.2,6.4,6.5,0.487,18.6,30,0.258
344,Wichita State,33,19,14,0.576,6.8,5.28,10,8,10,4,4,7,2333,2283,1325,828,2037,0.406,247,797,0.31,430,592,0.726,411,1247,452,158,111,391,638,69.1,101.9,0.291,0.391,0.503,51.7,54.6,6.9,9.6,0.467,14.4,32.6,0.211
345,William & Mary,31,14,17,0.452,-4.48,-1.78,10,8,9,5,5,11,2321,2385,1265,841,1773,0.474,254,735,0.346,385,576,0.668,251,1057,529,158,146,390,516,69.2,106.1,0.325,0.415,0.567,49.9,62.9,7.2,12.4,0.546,16,24.2,0.217
346,Winthrop,30,18,12,0.6,-2.94,-3.79,10,6,11,3,7,8,2499,2358,1210,855,1878,0.455,372,997,0.373,417,565,0.738,330,1232,460,134,83,456,534,75.1,110,0.301,0.531,0.582,53.4,53.8,5.9,7.2,0.554,17.5,29.8,0.222
347,Wisconsin NCAA,33,23,10,0.697,19.05,11.41,14,6,12,3,8,5,2279,2027,1345,854,1885,0.453,235,642,0.366,336,518,0.649,269,1162,421,169,139,314,496,64.9,104.5,0.275,0.341,0.535,49.8,49.3,7.7,11.3,0.515,12.8,24,0.178
348,Wofford NCAA,33,29,4,0.879,13.8,0.14,18,0,15,1,11,3,2739,2165,1330,997,2022,0.493,364,874,0.416,381,545,0.699,350,1176,507,227,99,359,557,68.7,119.9,0.27,0.432,0.6,55,50.9,9.9,9.2,0.583,13.6,33.1,0.188
349,Wright State,35,21,14,0.6,3.34,-0.85,13,5,15,2,5,7,2561,2365,1405,885,2029,0.436,281,818,0.344,510,692,0.737,382,1230,483,214,72,402,545,67.5,108.1,0.341,0.403,0.543,52.3,54.6,9,6.1,0.505,14.6,31.3,0.251
350,Wyoming,32,8,24,0.25,-9.44,0.5,4,14,6,10,1,11,2105,2411,1285,690,1656,0.417,248,720,0.344,477,660,0.723,167,983,331,176,88,450,588,70.2,93.3,0.399,0.435,0.534,44.7,48,7.8,7.9,0.492,18.6,15.6,0.288
351,Xavier,33,18,15,0.545,9.67,8.39,9,9,12,5,4,7,2372,2330,1335,862,1843,0.468,231,694,0.333,417,608,0.686,343,1192,488,179,125,430,518,66.5,106.9,0.33,0.377,0.556,53.2,56.6,8.1,11.1,0.53,16.8,32,0.226
352,Yale NCAA,29,22,7,0.759,5.46,-1.72,10,4,11,2,8,5,2353,2123,1175,866,1740,0.498,222,597,0.372,399,542,0.736,249,1119,495,172,126,383,494,72.7,110.2,0.311,0.343,0.589,53.2,57.2,8.1,11.2,0.561,16.1,26,0.229
353,Youngstown State,32,12,20,0.375,-7.68,-1.95,8,10,6,7,5,11,2415,2526,1305,879,2059,0.427,303,893,0.339,354,505,0.701,418,1209,449,210,115,423,656,70.6,104.8,0.245,0.434,0.525,51.5,51.1,9.1,9.9,0.5,15.5,33.7,0.172